Method,Clinical_mean,Clinical_std,Clinical_N_Datasets,Multiomics_mean,Multiomics_std,Multiomics_N_Datasets,Multiomics_minus_Clinical,Multiomics_minus_Clinical_std
FDR,6.01,2.21,2,14.41,0.46,2,8.4,2.67
CB,1.7,1.91,2,6.44,3.76,2,4.74,5.67
XGB,1.73,0.07,2,5.34,2.48,2,3.61,2.55
S_L,1.71,1.54,2,4.13,2.73,2,2.42,1.19
X_L,4.62,0.71,2,5.99,1.01,2,1.36,1.73
DR_L,1.48,0.97,2,-2.43,3.2,2,-3.9,4.16
R_L,-3.19,5.83,2,-0.2,0.29,2,2.99,6.12
CF,2.77,0.38,2,12.74,0.85,2,9.97,0.47
CTR,1.84,1.55,2,2.22,1.01,2,0.39,0.55
CUTS,0.18,1.0,2,6.06,1.78,2,5.88,2.79
BITES,-0.02,1.36,2,2.0,1.58,2,2.02,0.22
