DataSet,Method,Recovery_Ratio,Recovery_Ratio_std,Recovery_Ratio_ci95_lo,Recovery_Ratio_ci95_hi,CAU,CAU_std,CAU_ci95_lo,CAU_ci95_hi,CAU_pp,CAU_pp_std,CAU_pp_ci95_lo,CAU_pp_ci95_hi,RRD,RRD_std,RRD_ci95_lo,RRD_ci95_hi,RRD_pp,RRD_pp_std,RRD_pp_ci95_lo,RRD_pp_ci95_hi,extra_recoveries,extra_recoveries_std,CAU_pp_perm_p,CAU_pp_perm_p_greater,N_Runs,N_Valid_CAU_Runs,Modality,Dataset
clin_TransNEO,BITES,0.8643,0.3636,0.4368,1.2389,-0.0098,0.0189,-0.025,0.0093,-0.9795,1.8888,-2.5018,0.925,-0.0415,0.0984,-0.1534,0.0599,-4.1471,9.8378,-15.3444,5.9938,-1.4399,2.7765,0.4595,0.7692,5,5,Clinical,TransNEO clinical
clin_TransNEO,CB,1.0365,0.1805,0.6391,1.6013,0.0035,0.0173,-0.0403,0.05,0.3462,1.7261,-4.0302,4.9997,0.0068,0.0442,-0.1035,0.132,0.683,4.4213,-10.3469,13.204,0.509,2.5373,0.7902,0.3966,5,5,Clinical,TransNEO clinical
clin_TransNEO,CF,1.4588,0.4166,0.9054,2.1839,0.0304,0.0221,-0.0078,0.0701,3.036,2.2116,-0.7819,7.0073,0.0974,0.0759,-0.0265,0.2256,9.7408,7.5911,-2.6471,22.5564,4.4629,3.2511,0.5814,0.2927,5,5,Clinical,TransNEO clinical
clin_TransNEO,CTR,1.369,0.0,0.7287,2.4252,0.0293,0.0,-0.022,0.0825,2.9337,0.0,-2.1955,8.2511,0.0846,0.0,-0.0668,0.2369,8.4559,0.0,-6.6832,23.6859,4.3125,0.0,0.3257,0.1878,5,5,Clinical,TransNEO clinical
clin_TransNEO,CUTS,0.9495,0.2979,0.5682,1.457,-0.0053,0.0215,-0.0349,0.028,-0.5257,2.1538,-3.489,2.7969,-0.0184,0.078,-0.1236,0.0975,-1.8433,7.7976,-12.3592,9.7532,-0.7728,3.1661,0.8372,0.5744,5,5,Clinical,TransNEO clinical
clin_TransNEO,DR_L,1.119,0.2332,0.7154,1.6423,0.008,0.0158,-0.021,0.037,0.7957,1.5803,-2.104,3.6962,0.0269,0.0585,-0.0725,0.1306,2.6937,5.8525,-7.254,13.0629,1.1697,2.323,0.2458,0.1289,5,5,Clinical,TransNEO clinical
clin_TransNEO,FDR,1.4948,0.24,0.9874,2.2331,0.0445,0.0208,-0.0014,0.0872,4.4479,2.0797,-0.1365,8.7195,0.1019,0.0414,-0.0033,0.2065,10.1921,4.1386,-0.3288,20.648,6.5384,3.0572,0.0659,0.037,5,5,Clinical,TransNEO clinical
clin_TransNEO,R_L,0.2779,0.1114,0.1142,0.462,-0.0732,0.0168,-0.1045,-0.0447,-7.3153,1.684,-10.4462,-4.4694,-0.2409,0.0468,-0.3321,-0.1554,-24.0886,4.6792,-33.21,-15.5396,-10.7535,2.4755,0.016,0.989,5,5,Clinical,TransNEO clinical
clin_TransNEO,S_L,1.0938,0.2645,0.6541,1.6334,0.0062,0.0185,-0.0242,0.0347,0.6198,1.8477,-2.4154,3.4672,0.0198,0.0672,-0.0898,0.1324,1.9759,6.7224,-8.9777,13.2421,0.911,2.7161,0.1568,0.0839,5,5,Clinical,TransNEO clinical
clin_TransNEO,XGB,1.2497,0.3276,0.8698,1.6519,0.0178,0.0247,-0.0124,0.0483,1.7809,2.4675,-1.2417,4.8266,0.0537,0.0734,-0.0339,0.1353,5.3726,7.3385,-3.3947,13.529,2.6179,3.6273,0.0949,0.0509,5,5,Clinical,TransNEO clinical
clin_TransNEO,X_L,1.6528,0.3701,0.9717,2.6132,0.0513,0.0253,-0.0038,0.1051,5.1274,2.5283,-0.3809,10.5104,0.1278,0.0582,-0.0092,0.2585,12.7797,5.8172,-0.92,25.8541,7.5373,3.7166,0.1858,0.0969,5,5,Clinical,TransNEO clinical
clin_ARTemis,BITES,1.6642,0.5459,0.0,3.5607,0.0094,0.0081,-0.0101,0.0368,0.9411,0.8089,-1.0063,3.6774,0.1655,0.1384,-0.2352,0.5059,16.5522,13.8402,-23.5237,50.5945,0.6776,0.5824,0.4655,0.1958,5,5,Clinical,ARTemis clinical
clin_ARTemis,CB,1.3698,0.4139,0.7326,2.4713,0.0305,0.0308,-0.0293,0.0944,3.0489,3.0826,-2.9282,9.4437,0.0762,0.0769,-0.0736,0.246,7.6164,7.6948,-7.3622,24.6026,2.1952,2.2195,0.1229,0.0679,5,5,Clinical,ARTemis clinical
clin_ARTemis,CF,1.3601,0.4683,0.6716,2.4781,0.0251,0.0362,-0.0342,0.0958,2.5054,3.6156,-3.4212,9.5776,0.0725,0.0998,-0.094,0.2443,7.2515,9.9796,-9.4005,24.4305,1.8039,2.6032,0.5485,0.2717,5,5,Clinical,ARTemis clinical
clin_ARTemis,CTR,1.3169,0.8943,0.4514,2.8538,0.0074,0.0135,-0.0096,0.0275,0.7366,1.3522,-0.9583,2.7527,0.0718,0.2276,-0.1412,0.4238,7.1811,22.7551,-14.1193,42.3835,0.5304,0.9736,0.5644,0.2587,5,5,Clinical,ARTemis clinical
clin_ARTemis,CUTS,1.1674,0.4936,0.6264,1.8993,0.009,0.0534,-0.0493,0.0689,0.8953,5.3387,-4.9279,6.8895,0.0216,0.1264,-0.116,0.1634,2.1623,12.6376,-11.5981,16.3437,0.6446,3.8438,0.3916,0.1978,5,5,Clinical,ARTemis clinical
clin_ARTemis,DR_L,1.3531,0.277,0.7804,2.1066,0.0216,0.0099,-0.0161,0.0641,2.1606,0.9936,-1.6134,6.407,0.0857,0.0676,-0.0554,0.211,8.5749,6.7551,-5.543,21.1048,1.4689,0.6351,0.0689,0.035,5,5,Clinical,ARTemis clinical
clin_ARTemis,FDR,2.076,0.5405,1.1096,3.8513,0.0758,0.0313,0.0109,0.1396,7.5791,3.1279,1.0902,13.9636,0.1891,0.0723,0.0279,0.3642,18.9117,7.2262,2.7949,36.4221,5.4569,2.2521,0.024,0.015,5,5,Clinical,ARTemis clinical
clin_ARTemis,R_L,1.113,0.3913,0.625,1.8344,0.0093,0.0325,-0.0372,0.0636,0.9271,3.2507,-3.7223,6.3605,0.0178,0.0938,-0.1066,0.1689,1.7804,9.3825,-10.6557,16.8886,0.7416,2.2425,0.7662,0.3926,5,5,Clinical,ARTemis clinical
clin_ARTemis,S_L,1.4212,0.6029,0.8285,2.1104,0.0279,0.0421,-0.0166,0.0719,2.7944,4.2101,-1.6578,7.1924,0.0794,0.1313,-0.0431,0.2107,7.9396,13.1262,-4.3139,21.067,2.012,3.0313,0.1129,0.0619,5,5,Clinical,ARTemis clinical
clin_ARTemis,XGB,1.2158,0.4771,0.7523,1.8513,0.0168,0.0387,-0.0229,0.0598,1.6828,3.8661,-2.2897,5.9843,0.0386,0.1043,-0.0665,0.1686,3.8553,10.4322,-6.6487,16.864,1.2116,2.7836,0.2697,0.1339,5,5,Clinical,ARTemis clinical
clin_ARTemis,X_L,1.6494,0.7123,0.9375,2.5607,0.0412,0.0487,-0.0063,0.0897,4.1197,4.8712,-0.6256,8.9713,0.117,0.1309,-0.0158,0.2558,11.699,13.0911,-1.5752,25.5765,2.9662,3.5072,0.1279,0.0669,5,5,Clinical,ARTemis clinical
multi_Trans_ART,BITES,1.5558,0.3986,1.0266,2.1446,0.0161,0.0125,0.0008,0.0309,1.6086,1.2458,0.084,3.0914,0.1318,0.0845,0.0065,0.2562,13.1764,8.4505,0.6482,25.6203,3.5228,2.7283,0.0579,0.035,5,5,,Combined TransNEO + ARTemis multi-omics CV
multi_Trans_ART,CB,2.0538,0.3447,1.4312,2.9237,0.0735,0.0164,0.0351,0.1127,7.3478,1.6417,3.5121,11.2651,0.1923,0.0461,0.0958,0.2931,19.2347,4.6122,9.5751,29.3075,16.0917,3.5954,0.001,0.001,5,5,,Combined TransNEO + ARTemis multi-omics CV
multi_Trans_ART,CF,3.1053,0.3294,2.1033,4.9471,0.1179,0.0102,0.0749,0.1668,11.7935,1.0162,7.4916,16.6833,0.2971,0.0254,0.1937,0.3989,29.7138,2.54,19.3715,39.8922,25.8277,2.2255,0.001,0.001,5,5,,Combined TransNEO + ARTemis multi-omics CV
multi_Trans_ART,CTR,1.7084,0.0591,1.0566,2.6634,0.0466,0.004,0.0039,0.0937,4.6582,0.3962,0.3948,9.3748,0.1512,0.0101,0.0136,0.2912,15.1195,1.0134,1.3628,29.1227,10.2014,0.8676,0.011,0.004,5,5,,Combined TransNEO + ARTemis multi-omics CV
multi_Trans_ART,CUTS,2.0524,0.4065,1.4531,2.7777,0.0682,0.02,0.0342,0.1015,6.8176,1.9978,3.4191,10.155,0.1958,0.0585,0.0996,0.2858,19.58,5.8532,9.9607,28.5774,14.9306,4.3753,0.001,0.001,5,5,,Combined TransNEO + ARTemis multi-omics CV
multi_Trans_ART,DR_L,0.8141,0.2098,0.5553,1.122,-0.0177,0.0197,-0.045,0.0092,-1.769,1.9746,-4.5031,0.9173,-0.055,0.0602,-0.1398,0.0283,-5.4963,6.0197,-13.9765,2.8308,-3.874,4.3243,0.4106,0.7972,5,5,,Combined TransNEO + ARTemis multi-omics CV
multi_Trans_ART,FDR,3.0116,0.4842,2.0133,4.9957,0.1206,0.0162,0.0767,0.1744,12.0575,1.6183,7.6745,17.438,0.2749,0.0354,0.1794,0.3838,27.4931,3.5424,17.9395,38.382,26.4059,3.544,0.001,0.001,5,5,,Combined TransNEO + ARTemis multi-omics CV
multi_Trans_ART,R_L,0.6922,0.0892,0.4779,0.9301,-0.0265,0.0103,-0.0499,-0.0049,-2.6452,1.0345,-4.9861,-0.4855,-0.089,0.029,-0.1625,-0.0178,-8.8979,2.8955,-16.2512,-1.78,-5.7931,2.2656,0.7652,0.6244,5,5,,Combined TransNEO + ARTemis multi-omics CV
multi_Trans_ART,S_L,1.6101,0.1551,1.0773,2.3768,0.0401,0.01,0.0056,0.0795,4.0116,1.0014,0.5571,7.9457,0.1331,0.0298,0.0179,0.2619,13.3117,2.9799,1.7888,26.1888,8.7855,2.193,0.018,0.01,5,5,,Combined TransNEO + ARTemis multi-omics CV
multi_Trans_ART,XGB,1.5472,0.2283,1.0875,2.1858,0.0383,0.0144,0.007,0.0747,3.8334,1.4421,0.6996,7.465,0.1191,0.0431,0.0219,0.2246,11.9086,4.315,2.1917,22.463,8.3951,3.1581,0.012,0.007,5,5,,Combined TransNEO + ARTemis multi-omics CV
multi_Trans_ART,X_L,1.0095,0.2549,0.6903,1.3805,-0.0003,0.0218,-0.0254,0.0249,-0.0278,2.1767,-2.5385,2.4914,-0.0019,0.0682,-0.0877,0.0848,-0.1945,6.8152,-8.7671,8.4831,-0.0609,4.767,0.2677,0.1309,5,5,,Combined TransNEO + ARTemis multi-omics CV
multi_TransNEO,BITES,1.3457,0.5199,0.784,1.9748,0.0089,0.0131,-0.0063,0.0254,0.8865,1.3141,-0.6301,2.5389,0.081,0.123,-0.0569,0.2214,8.1027,12.2977,-5.685,22.1386,1.3032,1.9317,0.8072,0.3956,5,5,Multi-omics,TransNEO multi-omics
multi_TransNEO,CB,2.3054,0.4834,1.4514,3.5714,0.091,0.024,0.04,0.1418,9.0965,2.3985,4.0005,14.1803,0.2095,0.0508,0.0913,0.3187,20.946,5.0803,9.1264,31.8695,13.3719,3.5258,0.001,0.001,5,5,Multi-omics,TransNEO multi-omics
multi_TransNEO,CF,3.3719,0.733,1.883,6.1145,0.1334,0.0229,0.068,0.1965,13.3431,2.285,6.7993,19.649,0.2837,0.0426,0.1503,0.4096,28.3688,4.2614,15.0324,40.9573,19.6143,3.359,0.001,0.001,5,5,Multi-omics,TransNEO multi-omics
multi_TransNEO,CTR,1.369,0.0,0.7287,2.4252,0.0293,0.0,-0.022,0.0825,2.9337,0.0,-2.1955,8.2511,0.0846,0.0,-0.0668,0.2369,8.4559,0.0,-6.6832,23.6859,4.3125,0.0,0.3257,0.1878,5,5,Multi-omics,TransNEO multi-omics
multi_TransNEO,CUTS,1.9094,0.3891,1.1856,3.007,0.0733,0.022,0.0191,0.1262,7.3262,2.2038,1.9079,12.6176,0.1616,0.0508,0.0401,0.2758,16.163,5.0763,4.0068,27.5752,10.7696,3.2396,0.035,0.019,5,5,Multi-omics,TransNEO multi-omics
multi_TransNEO,DR_L,0.9988,0.167,0.6086,1.4818,-0.0016,0.0139,-0.0361,0.0354,-0.1641,1.3912,-3.6055,3.5421,-0.0022,0.0427,-0.1085,0.107,-0.2163,4.2736,-10.845,10.7014,-0.2413,2.0451,0.7363,0.6164,5,5,Multi-omics,TransNEO multi-omics
multi_TransNEO,FDR,4.22,1.8837,2.2843,6.7726,0.1473,0.0324,0.0865,0.2032,14.7305,3.2381,8.6489,20.3228,0.3103,0.0406,0.1881,0.4248,31.0294,4.058,18.8113,42.4842,21.6538,4.7601,0.001,0.001,5,5,Multi-omics,TransNEO multi-omics
multi_TransNEO,R_L,1.0271,0.2901,0.669,1.4297,0.0,0.0206,-0.0241,0.0256,0.0016,2.0581,-2.4081,2.5586,0.0022,0.0766,-0.0896,0.0963,0.2238,7.6643,-8.9577,9.6303,0.0023,3.0254,0.039,0.02,5,5,Multi-omics,TransNEO multi-omics
multi_TransNEO,S_L,1.3026,0.2631,0.7292,2.1015,0.022,0.0168,-0.0244,0.0697,2.1966,1.6823,-2.4407,6.9709,0.0681,0.0572,-0.0727,0.2002,6.8145,5.7229,-7.2688,20.0192,3.2291,2.4729,0.2757,0.1508,5,5,Multi-omics,TransNEO multi-omics
multi_TransNEO,XGB,1.4623,0.2441,0.819,2.405,0.0358,0.0181,-0.0153,0.0853,3.5843,1.8113,-1.5308,8.5251,0.0995,0.0481,-0.0445,0.236,9.9455,4.81,-4.4497,23.5956,5.2689,2.6626,0.1269,0.0609,5,5,Multi-omics,TransNEO multi-omics
multi_TransNEO,X_L,1.7061,0.4809,1.0477,2.53,0.0527,0.0268,0.0046,0.0966,5.2695,2.6836,0.4641,9.6613,0.135,0.0641,0.013,0.2496,13.5042,6.4128,1.3046,24.9638,7.7461,3.9449,0.1379,0.0779,5,5,Multi-omics,TransNEO multi-omics
multi_ARTemis,BITES,2.9317,0.3995,1.5333,5.3394,0.0312,0.0095,0.008,0.0579,3.1167,0.95,0.7955,5.7882,0.4473,0.0788,0.1334,0.7402,44.7278,7.884,13.3445,74.0154,2.244,0.684,0.038,0.028,5,5,Multi-omics,ARTemis multi-omics
multi_ARTemis,CB,1.6585,0.5495,0.9156,2.7024,0.0377,0.0292,-0.0061,0.0916,3.7748,2.9168,-0.6082,9.1583,0.1366,0.1115,-0.0212,0.2862,13.6613,11.1517,-2.1232,28.6233,2.7178,2.1001,0.039,0.028,5,5,Multi-omics,ARTemis multi-omics
multi_ARTemis,CF,3.9115,1.1257,2.0604,8.6473,0.1214,0.0208,0.0528,0.1993,12.1424,2.0763,5.2787,19.9346,0.3966,0.1066,0.2004,0.5791,39.6623,10.6565,20.0399,57.9054,8.7425,1.4949,0.002,0.002,5,5,Multi-omics,ARTemis multi-omics
multi_ARTemis,CTR,1.5863,0.5183,0.7579,2.9301,0.0151,0.0147,-0.0055,0.0354,1.5091,1.4736,-0.5539,3.5357,0.1406,0.1211,-0.0606,0.4279,14.0596,12.1102,-6.0607,42.7913,1.0865,1.061,0.2088,0.1109,5,5,Multi-omics,ARTemis multi-omics
multi_ARTemis,CUTS,1.75,0.7542,0.8729,2.9756,0.048,0.0386,-0.0129,0.1134,4.803,3.858,-1.2861,11.3418,0.14,0.1285,-0.0351,0.2834,13.9958,12.8454,-3.5125,28.3358,3.4581,2.7778,0.017,0.012,5,5,Multi-omics,ARTemis multi-omics
multi_ARTemis,DR_L,0.619,0.244,0.2596,1.0037,-0.0469,0.0378,-0.09,0.0004,-4.6871,3.7814,-9.0006,0.0443,-0.1276,0.0983,-0.2674,0.0012,-12.756,9.8334,-26.7377,0.1207,-3.0876,2.2247,0.3377,0.8282,5,5,Multi-omics,ARTemis multi-omics
multi_ARTemis,FDR,3.8509,0.6735,1.9177,11.5392,0.1409,0.0168,0.0575,0.2303,14.087,1.6757,5.7455,23.0291,0.3424,0.0478,0.1567,0.5202,34.242,4.7809,15.6669,52.0164,10.1426,1.2065,0.002,0.002,5,5,Multi-omics,ARTemis multi-omics
multi_ARTemis,R_L,1.0374,0.5416,0.5441,1.6214,-0.0041,0.0545,-0.0416,0.0428,-0.4107,5.4523,-4.165,4.2849,-0.0148,0.1609,-0.1336,0.1436,-1.4754,16.0851,-13.3602,14.362,-0.0365,3.4089,0.0649,0.039,5,5,Multi-omics,ARTemis multi-omics
multi_ARTemis,S_L,2.1955,0.7875,1.0763,3.9368,0.0606,0.0383,0.0049,0.1229,6.0584,3.8253,0.4852,12.2864,0.2193,0.137,0.0181,0.3882,21.9254,13.7045,1.8115,38.8234,4.3621,2.7542,0.005,0.004,5,5,Multi-omics,ARTemis multi-omics
multi_ARTemis,XGB,2.4927,0.6473,1.239,5.1515,0.0709,0.0139,0.0122,0.1428,7.0896,1.394,1.2186,14.2807,0.2811,0.1009,0.0557,0.481,28.1075,10.093,5.5725,48.0953,5.1045,1.0037,0.003,0.003,5,5,Multi-omics,ARTemis multi-omics
multi_ARTemis,X_L,2.0407,0.2284,1.098,3.908,0.067,0.0046,0.0072,0.1362,6.7042,0.4564,0.7161,13.6187,0.2041,0.0412,0.023,0.3841,20.4142,4.1198,2.3021,38.4132,4.827,0.3286,0.034,0.022,5,5,Multi-omics,ARTemis multi-omics
OOD_multi_Trans_ART,BITES,2.4121,0.5175,1.4042,3.9706,0.0385,0.0122,0.0104,0.0697,3.8504,1.2179,1.0395,6.9725,0.3137,0.1049,0.0941,0.5165,31.3706,10.4895,9.4126,51.6534,2.7723,0.8769,0.019,0.014,5,5,,TransNEO and ARTemis multi-omics OOD
OOD_multi_Trans_ART,CB,2.6734,0.6481,1.3678,5.7362,0.0858,0.027,0.0249,0.156,8.5836,2.7013,2.491,15.6031,0.2841,0.0777,0.0839,0.4827,28.4138,7.7672,8.3946,48.2736,6.1802,1.9449,0.001,0.001,5,5,,TransNEO and ARTemis multi-omics OOD
OOD_multi_Trans_ART,CF,2.328,0.3139,1.1468,6.1599,0.0881,0.0118,0.0109,0.1762,8.8094,1.182,1.0943,17.618,0.2305,0.036,0.0311,0.4381,23.049,3.5972,3.1061,43.8123,6.3427,0.8511,0.1548,0.0809,5,5,,TransNEO and ARTemis multi-omics OOD
OOD_multi_Trans_ART,CTR,2.9118,0.0,1.3995,6.667,0.0821,0.0,0.0188,0.1571,8.2071,0.0,1.8827,15.7051,0.3476,0.0,0.0925,0.601,34.7594,0.0,9.251,60.0956,5.9091,0.0,0.008,0.006,5,5,,TransNEO and ARTemis multi-omics OOD
OOD_multi_Trans_ART,CUTS,1.1904,0.163,0.4504,2.5085,0.0136,0.0107,-0.047,0.0833,1.36,1.068,-4.705,8.3333,0.0463,0.0382,-0.1631,0.2513,4.626,3.8245,-16.3075,25.1312,0.9792,0.769,0.5135,0.2517,5,5,,TransNEO and ARTemis multi-omics OOD
OOD_multi_Trans_ART,DR_L,1.3846,0.0,0.4208,3.5,0.0231,0.0,-0.0363,0.0942,2.3148,0.0,-3.634,9.4156,0.0926,0.0,-0.1597,0.3623,9.2593,0.0,-15.9681,36.2302,1.6667,0.0,0.7423,0.6474,5,5,,TransNEO and ARTemis multi-omics OOD
OOD_multi_Trans_ART,FDR,2.5606,0.0,1.2077,8.3848,0.11,0.0,0.0237,0.2094,11.0043,0.0,2.3712,20.9431,0.2401,0.0,0.0548,0.4412,24.0093,0.0,5.482,44.1219,7.9231,0.0,0.019,0.015,5,5,,TransNEO and ARTemis multi-omics OOD
OOD_multi_Trans_ART,R_L,0.4118,0.0,0.0,1.135,-0.0397,0.0,-0.0871,0.006,-3.9683,0.0,-8.7126,0.6002,-0.1786,0.0,-0.375,0.0309,-17.8571,0.0,-37.5,3.0935,-2.8571,0.0,0.9081,0.4755,5,5,,TransNEO and ARTemis multi-omics OOD
OOD_multi_Trans_ART,S_L,2.8271,0.116,1.3349,6.4708,0.0807,0.0018,0.0167,0.1555,8.0724,0.1844,1.6743,15.5519,0.3345,0.018,0.0785,0.5851,33.4482,1.7954,7.8479,58.5061,5.8121,0.1328,0.006,0.004,5,5,,TransNEO and ARTemis multi-omics OOD
OOD_multi_Trans_ART,XGB,2.1429,0.0,1.0415,5.6382,0.0889,0.0,0.0032,0.1836,8.8889,0.0,0.3199,18.3615,0.2,0.0,0.0085,0.4,20.0,0.0,0.8511,40.0,6.4,0.0,0.037,0.022,5,5,,TransNEO and ARTemis multi-omics OOD
OOD_multi_Trans_ART,X_L,1.902,0.1905,0.9443,4.8463,0.0695,0.0116,-0.0061,0.1609,6.9491,1.1558,-0.6133,16.092,0.1736,0.0276,-0.0143,0.3833,17.3583,2.7617,-1.4282,38.332,5.0034,0.8322,0.1029,0.0509,5,5,,TransNEO and ARTemis multi-omics OOD
