Method,Metric,N_Datasets,Mean,Std_Across_Datasets,CI95_Lo,CI95_Hi
FDR,CAU_pp,6,10.651,3.9615,7.7249,13.5187
CB,CAU_pp,6,5.3663,3.5013,2.8265,7.8321
XGB,CAU_pp,6,4.4766,2.9182,2.3994,6.5624
S_L,CAU_pp,6,3.9589,2.7182,2.1329,6.0475
X_L,CAU_pp,6,4.6903,2.5405,2.8357,6.3012
DR_L,CAU_pp,6,-0.2248,2.6639,-2.2806,1.5971
R_L,CAU_pp,6,-2.2351,3.0761,-4.6054,-0.1973
CF,CAU_pp,6,8.605,4.7621,5.281,11.8708
CTR,CAU_pp,6,3.4964,2.6736,1.7265,5.4916
CUTS,CAU_pp,6,3.4461,3.3135,0.989,5.8342
BITES,CAU_pp,6,1.5706,1.7295,0.3343,2.7609
FDR,RRD_pp,6,24.3129,8.7461,17.6976,29.7967
CB,RRD_pp,6,15.0925,9.9444,7.6137,22.2219
XGB,RRD_pp,6,13.1982,9.2663,7.0455,19.6872
S_L,RRD_pp,6,14.2359,11.6114,6.1934,23.7327
X_L,RRD_pp,6,12.5935,7.0578,7.1764,17.1799
DR_L,RRD_pp,6,0.3432,8.4709,-5.9009,6.3576
R_L,RRD_pp,6,-8.3858,10.5998,-16.6614,-1.344
CF,RRD_pp,6,22.9644,12.4527,13.4831,32.136
CTR,RRD_pp,6,14.6719,10.368,8.9291,22.5416
CUTS,RRD_pp,6,9.114,8.6208,3.0585,15.2278
BITES,RRD_pp,6,18.2971,17.3576,5.8558,31.946
FDR,Recovery_Ratio,6,2.869,1.0413,2.119,3.5581
CB,Recovery_Ratio,6,1.8496,0.6093,1.413,2.2832
XGB,Recovery_Ratio,6,1.6851,0.5177,1.329,2.0556
S_L,Recovery_Ratio,6,1.7417,0.6506,1.3073,2.2334
X_L,Recovery_Ratio,6,1.6601,0.3547,1.3481,1.8877
DR_L,Recovery_Ratio,6,1.0481,0.3009,0.8324,1.2686
R_L,Recovery_Ratio,6,0.7599,0.3553,0.4827,1.0142
CF,Recovery_Ratio,6,2.5893,1.0473,1.8449,3.3685
CTR,Recovery_Ratio,6,1.7102,0.6077,1.3878,2.2044
CUTS,Recovery_Ratio,6,1.5032,0.4571,1.2033,1.8068
BITES,Recovery_Ratio,6,1.7956,0.7504,1.2729,2.356
