Cohort,Method,Clinical_value,Multiomics_value,Multiomics_minus_Clinical
ARTemis,FDR,7.58,14.09,6.51
TransNEO,FDR,4.45,14.73,10.28
ARTemis,CB,3.05,3.77,0.73
TransNEO,CB,0.35,9.1,8.75
ARTemis,XGB,1.68,7.09,5.41
TransNEO,XGB,1.78,3.58,1.8
ARTemis,S_L,2.79,6.06,3.26
TransNEO,S_L,0.62,2.2,1.58
ARTemis,X_L,4.12,6.7,2.58
TransNEO,X_L,5.13,5.27,0.14
ARTemis,DR_L,2.16,-4.69,-6.85
TransNEO,DR_L,0.8,-0.16,-0.96
ARTemis,R_L,0.93,-0.41,-1.34
TransNEO,R_L,-7.32,0.0,7.32
ARTemis,CF,2.51,12.14,9.64
TransNEO,CF,3.04,13.34,10.31
ARTemis,CTR,0.74,1.51,0.77
TransNEO,CTR,2.93,2.93,0.0
ARTemis,CUTS,0.9,4.8,3.91
TransNEO,CUTS,-0.53,7.33,7.85
ARTemis,BITES,0.94,3.12,2.18
TransNEO,BITES,-0.98,0.89,1.87
