Method,Run,NotFollowing_Count,Following_Count,NotFollowing_Avg_RCB,Following_Avg_RCB
BITES,1,199.0,20.0,1.7459,1.335
BITES,2,195.0,24.0,1.7583,1.3027
BITES,3,189.0,30.0,1.8329,0.9235
BITES,4,191.0,28.0,1.766,1.3149
BITES,5,192.0,27.0,1.752,1.3983
CB,1,138.0,81.0,2.1013,1.0389
CB,2,131.0,88.0,2.0441,1.2086
CB,3,133.0,86.0,2.0606,1.1637
CB,4,134.0,85.0,2.0085,1.2352
CB,5,139.0,80.0,2.0235,1.1608
CF,1,132.0,87.0,2.0985,1.1165
CF,2,125.0,94.0,2.1658,1.1001
CF,3,133.0,86.0,2.1795,0.9798
CF,4,137.0,82.0,2.1131,1.0322
CF,5,133.0,86.0,2.1986,0.9502
CTR,1,151.0,68.0,1.9496,1.1727
CTR,2,154.0,65.0,1.9291,1.1853
CTR,3,151.0,68.0,1.9496,1.1727
CTR,4,151.0,68.0,1.9539,1.1631
CTR,5,151.0,68.0,1.9496,1.1727
CUTS,1,144.0,75.0,1.8747,1.389
CUTS,2,142.0,77.0,1.9148,1.3276
CUTS,3,135.0,84.0,2.1082,1.0657
CUTS,4,146.0,73.0,1.9004,1.3243
CUTS,5,146.0,73.0,1.9807,1.1638
DR_L,1,148.0,71.0,1.7208,1.6825
DR_L,2,143.0,76.0,1.4988,2.1026
DR_L,3,155.0,64.0,1.5854,2.0062
DR_L,4,153.0,66.0,1.6647,1.8096
DR_L,5,146.0,73.0,1.6732,1.7787
FDR,1,122.0,97.0,2.2058,1.0827
FDR,2,119.0,100.0,2.198,1.1257
FDR,3,128.0,91.0,2.1967,1.0214
FDR,4,121.0,98.0,2.2294,1.0651
FDR,5,125.0,94.0,2.2582,0.9772
R_L,1,162.0,57.0,1.592,2.0391
R_L,2,159.0,60.0,1.6132,1.9606
R_L,3,145.0,74.0,1.5362,2.0458
R_L,4,154.0,65.0,1.5253,2.142
R_L,5,155.0,64.0,1.5256,2.1511
S_L,1,150.0,69.0,1.9567,1.1686
S_L,2,160.0,59.0,1.8703,1.2693
S_L,3,158.0,61.0,1.8997,1.2128
S_L,4,150.0,69.0,1.9182,1.2522
S_L,5,149.0,70.0,1.9588,1.1753
XGB,1,131.0,88.0,1.9035,1.4179
XGB,2,161.0,58.0,1.8652,1.273
XGB,3,158.0,61.0,1.909,1.1886
XGB,4,148.0,71.0,1.8695,1.3725
XGB,5,144.0,75.0,1.9174,1.307
X_L,1,145.0,74.0,1.8347,1.4609
X_L,2,160.0,59.0,1.7133,1.6951
X_L,3,155.0,64.0,1.7676,1.565
X_L,4,161.0,58.0,1.6556,1.8549
X_L,5,150.0,69.0,1.6748,1.7814
