Method,Following_Avg_RCB,Following_Avg_RCB_std,NotFollowing_Avg_RCB,NotFollowing_Avg_RCB_std,Following_Count,NotFollowing_Count,N_Runs
BITES,1.3476599999999999,0.33655831292660116,1.78492,0.047887336530652934,17.2,129.8,5
CB,1.14914,0.0683599151550088,2.17978,0.07246790323998625,63.6,83.4,5
CF,1.01464,0.07857256518658405,2.37006,0.08693349757141955,69.0,78.0,5
CTR,1.2135,0.0,2.0086,0.0,51.0,96.0,5
CUTS,1.26798,0.10400046634510828,2.11756,0.05855295039534733,67.0,80.0,5
DR_L,1.64812,0.07519392927623879,1.7712800000000002,0.026465014641975967,49.2,97.8,5
FDR,1.052,0.03651753003695618,2.3449,0.108875869686538,69.2,77.8,5
R_L,1.7828400000000002,0.2054974160421487,1.7150400000000001,0.07441188077182305,38.6,108.4,5
S_L,1.29604,0.16538354815398054,1.9531200000000002,0.0655525133004067,50.4,96.6,5
XGB,1.2780999999999998,0.09619025418409084,1.9829599999999998,0.05920365698164255,52.0,95.0,5
X_L,1.18974,0.05974623837531529,2.07706,0.060986621483731934,56.8,90.2,5
