Method,Recovery_Ratio,Recovery_Ratio_std,CAU,CAU_std,CAU_pp,CAU_pp_std,RRD,RRD_std,RRD_pp,RRD_pp_std,extra_recoveries,extra_recoveries_std,Following_Count,NotFollowing_Count,Following_Recovery,NotFollowing_Recovery,N_Runs,N_Valid_CAU_Runs,CAU_ci95_lo,CAU_ci95_hi,CAU_pp_ci95_lo,CAU_pp_ci95_hi,RRD_ci95_lo,RRD_ci95_hi,RRD_pp_ci95_lo,RRD_pp_ci95_hi,Recovery_Ratio_ci95_lo,Recovery_Ratio_ci95_hi,CAU_pp_perm_p,CAU_pp_perm_p_greater
BITES,2.412078588078588,0.5175116511829829,0.03850384129502321,0.012179326755187809,3.850384129502321,1.2179326755187807,0.31370586149704344,0.1048952526508786,31.370586149704344,10.48952526508786,2.772276573241671,0.8769115263735222,9.0,63.0,4.8,14.2,5,5,0.010394589190539103,0.0697250969628957,1.0394589190539103,6.97250969628957,0.09412599323351474,0.516534194233077,9.412599323351474,51.6534194233077,1.4041759647630143,3.9706009070294783,0.01898101898101898,0.013986013986013986
CB,2.673357864357864,0.6480815338784479,0.08583619481616978,0.0270128687356193,8.583619481616978,2.7012868735619295,0.2841377821177571,0.07767242799809822,28.413778211775707,7.767242799809822,6.180206026764225,1.9449265489645902,21.6,50.4,10.0,9.0,5,5,0.02490957826624077,0.1560307017543859,2.490957826624077,15.603070175438592,0.08394594126692277,0.4827360975778897,8.394594126692276,48.27360975778897,1.3678453561367219,5.736167091893713,0.000999000999000999,0.000999000999000999
CF,2.3279967159277506,0.3139496474957265,0.0880937279774489,0.011820217178571395,8.809372797744889,1.1820217178571397,0.23049018847735767,0.03597235434655602,23.049018847735766,3.597235434655603,6.342748414376321,0.8510556368571404,27.6,44.4,11.2,7.8,5,5,0.010943314726209479,0.17618003341687552,1.0943314726209479,17.61800334168755,0.031061344229838177,0.4381226530947161,3.106134422983818,43.812265309471606,1.1467909743431874,6.15991637630662,0.15484515484515485,0.08091908091908091
CTR,2.911764705882353,0.0,0.08207070707070707,0.0,8.207070707070708,0.0,0.34759358288770054,0.0,34.75935828877005,0.0,5.909090909090909,0.0,17.0,55.0,9.0,10.0,5,5,0.018826728671428067,0.15705128205128205,1.8826728671428068,15.705128205128204,0.09250992063492074,0.6009563961361378,9.250992063492074,60.095639613613784,1.3995238095238098,6.666964285714285,0.007992007992007992,0.005994005994005994
CUTS,1.190357011409643,0.1629881691796885,0.013599548542413955,0.010679908070923814,1.3599548542413955,1.0679908070923816,0.046260162781975554,0.03824538859393791,4.626016278197556,3.8245388593937912,0.9791674950538048,0.7689533811065146,22.4,49.6,6.6,12.4,5,5,-0.04704957959414664,0.08333333333333333,-4.704957959414664,8.333333333333332,-0.16307519607268087,0.2513117623359242,-16.307519607268087,25.131176233592424,0.4503981245380351,2.508487141274026,0.5134865134865135,0.2517482517482518
DR_L,1.3846153846153846,0.0,0.023148148148148147,0.0,2.314814814814815,0.0,0.09259259259259259,0.0,9.25925925925926,0.0,1.6666666666666665,0.0,18.0,54.0,6.0,13.0,5,5,-0.036340408805031435,0.0941561844863731,-3.6340408805031434,9.415618448637309,-0.15968139537431658,0.36230224634455344,-15.968139537431657,36.23022463445534,0.4208204334365327,3.5,0.7422577422577422,0.6473526473526473
FDR,2.5606060606060606,0.0,0.11004273504273503,0.0,11.004273504273502,0.0,0.24009324009324007,0.0,24.009324009324008,0.0,7.923076923076922,0.0,33.0,39.0,13.0,6.0,5,5,0.023712238960624896,0.20943130630630627,2.371223896062489,20.943130630630623,0.054820166710106345,0.44121931989579044,5.482016671010634,44.121931989579046,1.2076923076923078,8.384846179851252,0.01898101898101898,0.014985014985014986
R_L,0.411764705882353,0.0,-0.03968253968253967,0.0,-3.9682539682539675,0.0,-0.17857142857142855,0.0,-17.857142857142854,0.0,-2.8571428571428563,0.0,16.0,56.0,2.0,17.0,5,5,-0.08712572150072148,0.006001984126984081,-8.712572150072146,0.6001984126984082,-0.375,0.030934873949579722,-37.5,3.093487394957972,0.0,1.135019841269841,0.9080919080919081,0.4755244755244755
S_L,2.827058823529412,0.11598830629521154,0.08072390572390573,0.0018441836953035909,8.072390572390573,0.1844183695303591,0.33448207565854626,0.01795367068074964,33.448207565854624,1.7953670680749658,5.8121212121212125,0.1327812260618584,17.4,54.6,9.0,10.0,5,5,0.016742715911129632,0.15551918088396685,1.6742715911129633,15.551918088396684,0.07847939476493469,0.5850606914929967,7.84793947649347,58.50606914929966,1.3348995983935743,6.470755347593584,0.005994005994005994,0.003996003996003996
XGB,2.142857142857143,0.0,0.08888888888888889,0.0,8.88888888888889,0.0,0.2,0.0,20.0,0.0,6.4,0.0,32.0,40.0,12.0,7.0,5,5,0.003198877068557931,0.1836148648648648,0.3198877068557931,18.36148648648648,0.008510638297872353,0.39999999999999997,0.8510638297872353,40.0,1.0414798850574711,5.638241758241757,0.03696303696303696,0.02197802197802198
X_L,1.9019841269841269,0.19054430524945898,0.06949142588677473,0.011558025647078337,6.949142588677472,1.1558025647078338,0.17358283256438828,0.027616989385167382,17.35828325643883,2.7616989385167376,5.00338266384778,0.8321778465896404,28.8,43.2,10.6,8.4,5,5,-0.006132858039637701,0.16091957295817294,-0.6132858039637701,16.091957295817295,-0.014281938862501481,0.38331950354609934,-1.428193886250148,38.33195035460993,0.9443286948594538,4.846273291925465,0.1028971028971029,0.05094905094905095
