Trial.ID,resp.pCR,resp.Chemosensitive,resp.Chemoresistant,RCB.score,RCB.category,Age.at.diagnosis,Histology,ER.status,HER2.status,LN.at.diagnosis,Grade.pre.chemotherapy,Size.at.diagnosis,ER.Allred,median_lymph_KDE_knn_50,All.TMB,Coding.TMB,Expressed.NAg,CodingMuts.PIK3CA,CodingMuts.TP53,CIN.Prop,HLA.LOH,HRD.LOH,HRD.TelomericAI,HRD.LST,HRD.sum,STAT1.gsva,GGI.gsva,GEP.gsva,ESC.gsva,STAT1.ssgsea.norm,GGI.ssgsea.norm,GEP.ssgsea.norm,ESC.ssgsea.norm,STAT1.ssgsea.notnorm,GGI.ssgsea.notnorm,ESC.ssgsea.notnorm,PGR.log2.tpm,ESR1.log2.tpm,ERBB2.log2.tpm,CytScore.log2,Swanton.MitosisScore,Swanton.CeramideScore,Swanton.PaclitaxelScore,TIDE.Dysfunction,TIDE.Exclusion,TIDE.MDSC,TIDE.CAF,TIDE.TAM.M2,TIDE.IFNG,TIDE.CD274,TIDE.CD8,Danaher.B.cells,Danaher.CD45,Danaher.CD8.T.cells,Danaher.Cytotoxic.cells,Danaher.DC,Danaher.Exhausted.CD8,Danaher.Macrophages,Danaher.Mast.cells,Danaher.Neutrophils,Danaher.NK.CD56dim.cells,Danaher.NK.cells,Danaher.T.cells,Danaher.Th1.cells,Danaher.Treg,Chemo.NumCycles,Chemo.first.Taxane,Chemo.first.Anthracycline,Chemo.second.Taxane,Chemo.second.Anthracycline,Chemo.any.Anthracycline,Chemo.any.antiHER2,TP1,TP2,TP3,TP4,TP1,TP2,TP3,TP4,REC_TP,CURRENT_TP,FOLLOW_REC,PROP_TP1,PROP_TP2,PROP_TP3,PROP_TP4
T184,0,0,0,1.41,2,53,1,-1,-1,1,3,43,0,-3.837849823,275,111,59,1,0,0.509950682,0,14,27,25,66,-0.579,0.446,-0.637,0.098,1.152,1.627,1.215,1.666,16457.168,23248.185,23801.602,-3.304,-0.406,6.643,0.55,4.597681093,3.731863168,0.865817925,-0.8,-0.44,0.06,-0.15,0.02,-3.53,-2.17,-2.4,-2.307,4.466,-0.389,-2.515,-2.602,-1.952,-1.697,-0.588,-3.644,-7.557,-2.287,1.571,-2.22,0.068,4,1,0,0,0,0,0,0,0,0,1,0.12657094,1.4076222,0.23805846,1.1165004,TP1,TP4,False,0.4461136564497115,0.30044440936649935,0.017833519243288288,0.23560841494050083
T198,1,1,0,0.0,0,63,1,-1,-1,1,3,8,0,-3.412114954,174,80,76,0,1,0.690270867,0,8,20,8,36,0.409,0.185,0.343,-0.374,1.604,1.619,1.714,1.704,22917.31,23127.291,24341.382,-4.266,0.127,4.583,4.244,3.714560439,4.01301383,-0.298453391,-0.08,-1.42,-0.05,-0.14,-0.03,0.51,1.16,-0.78,1.083,5.587,2.61,2.925,3.486,2.441,2.717,-0.051,0.073,-2.753,0.38,2.684,1.783,1.261,4,1,0,0,0,0,0,0,0,0,1,0.59502596,0.35059974,-0.14393416,0.76578444,TP3,TP4,False,0.04336994829580944,0.9097137308965675,0.012411799713625979,0.03450452109399711
T200,0,0,0,3.08,2,73,1,1,-1,1,3,18,4,-3.378179938,109,48,12,0,1,0.414165569,0,12,16,6,34,-0.521,-0.513,-0.615,-0.653,1.391,1.578,1.443,1.672,19873.472,22543.163,23885.957,-4.192,-0.692,3.382,2.085,2.446839077,3.315522604,-0.868683527,0.7,-1.87,-0.05,-0.2,-0.03,-2.51,-0.69,-2.71,-1.082,2.302,-0.19,0.286,0.154,0.283,0.143,-3.54,0.862,-6.976,-4.203,-0.86,-0.907,1.111,3,1,0,0,0,0,0,0,0,0,1,0.771397,1.0288757,0.09727459,0.44847906,TP3,TP4,False,0.004939030080983531,0.9844048453000043,0.0034110562862229884,0.0072450683327892375
T203,0,0,0,3.151,2,48,0,1,-1,-1,3,35,8,-4.293275778,53,25,15,0,0,0.099216303,0,3,8,4,15,-0.711,-0.461,-0.887,-0.532,1.039,1.531,0.973,1.662,14847.423,21872.203,23748.589,2.915,7.069,5.841,-0.727,2.58363052,5.02211762,-2.4384871,-1.03,-0.75,0.02,-0.19,0.06,-4.11,-2.14,-3.42,-7.498,0.37,-3.051,-2.468,-4.809,-2.042,-1.627,0.003,-6.429,-7.947,-6.221,-2.895,-3.847,-3.098,6,1,0,0,1,1,0,0,1,0,0,2.6157365,4.217953,0.7990313,1.2443497,TP3,TP2,False,0.7443777312715886,0.2281452112397225,3.499321463760144e-05,0.02744206427405138
T208,1,1,0,0.0,0,53,1,1,-1,-1,3,45,4,-4.506024837,158,69,40,0,1,0.527670676,1,18,27,25,70,0.077,0.415,-0.181,0.131,1.503,1.664,1.533,1.742,21474.115,23769.645,24884.84,-2.607,1.929,5.998,3.142,4.898400311,4.71739267,0.181007641,-1.47,0.02,0.09,-0.03,-0.06,0.47,0.51,-1.56,-0.791,5.082,1.609,2.127,1.802,1.622,2.273,-0.775,-0.482,-3.697,0.454,1.877,1.049,1.747,7,0,1,1,0,1,0,0,1,0,0,0.06593314,0.40174776,-0.029913463,0.68393344,TP3,TP2,False,0.028839973347807336,0.955901790389721,0.0046352615120843245,0.010622974750387228
A004,0,0,0,2.865,2,45,1,1,-1,1,2,44,8,-7.0739864,33,19,0,1,0,0.146476691,0,5,6,0,11,-0.077,-0.732,0.129,-0.603,1.894,1.572,2.048,2.109,20331.419,16870.777,22634.52,1.807,3.317,5.124,3.74,0.829679163,4.501917816,-3.672238653,0.17,1.96,-0.05,0.33,0.04,-1.61,-0.53,-0.3,-0.785,4.554,3.266,2.446,2.62,1.88,3.462,3.631,0.635,-5.597,-1.253,2.288,0.606,1.288,6,1,0,0,1,1,0,0,1,0,0,2.0665436,4.290015,0.21213864,3.529858,TP3,TP2,False,0.0012481600264037016,0.9036615525424176,0.00013613449616055307,0.09495415293501806
A017,0,0,0,1.625,2,57,1,1,-1,-1,3,26,8,-4.859264,116,65,47,0,1,0.338163615,0,9,15,5,29,-0.415,0.187,-0.392,-0.117,1.821,2.035,1.957,2.23,19545.062,21842.44,23940.294,3.885,7.253,5.896,2.105,3.664123247,4.430635574,-0.766512327,-0.59,0.35,0.08,-0.03,0.0,-0.29,-0.65,-1.84,-1.639,3.381,1.361,1.106,1.443,1.05,2.024,4.886,-0.092,-4.456,-0.546,0.819,0.076,2.591,6,1,0,0,1,1,0,0,1,0,0,0.48334914,1.5312334,0.018046081,0.8759634,TP3,TP2,False,0.0003978640245368606,0.9984299966023386,6.017269441314734e-05,0.001111966678711493
A248,0,0,0,1.141,1,48,1,1,-1,-1,3,36,5,-3.77829,105,54,18,0,1,0.396386059,0,6,19,7,32,0.504,0.662,0.616,0.589,2.126,2.305,2.283,2.394,22823.283,24743.133,25694.975,-2.923,1.812,5.371,4.966,5.179385861,2.780366264,2.399019597,-0.81,-1.06,0.08,-0.24,-0.01,1.03,0.25,-0.37,1.313,4.466,3.175,3.344,3.149,2.487,2.58,-0.585,-0.541,-2.228,1.164,3.243,1.951,3.975,6,1,0,0,1,1,0,0,1,0,0,0.46418524,1.0122633,-0.13194042,1.1909387,TP3,TP2,False,3.754020076187381e-05,0.9976462678202972,0.00023579826307318583,0.002080393715867794
A292,0,0,0,1.696,2,49,1,1,-1,-1,2,58,8,-3.6879086,29,17,18,0,0,0.250253873,0,1,6,0,7,-0.727,-0.769,-0.83,-0.687,1.565,1.472,1.593,2.103,16795.469,15804.31,22570.398,4.795,5.526,5.782,0.398,0.014029768,4.129527116,-4.115497348,-0.8,-0.02,0.0,-0.05,0.07,-2.87,-1.57,-2.53,-2.01,2.02,0.299,-0.419,-2.193,-0.777,-0.676,3.055,-3.328,-7.068,-3.955,-0.248,-3.042,-0.71,6,1,0,0,1,1,0,0,1,0,0,1.7859464,4.196183,0.5700107,2.2862864,TP3,TP2,False,0.05080739786248689,0.2971513048951815,0.00045175108261439814,0.6515895461597172
A332,0,0,0,3.233,2,46,0,1,-1,1,2,60,8,-4.262513,15,10,7,1,0,0.160713418,1,4,7,0,11,-0.49,-0.803,-0.508,-0.6,1.822,1.529,1.956,2.134,19559.944,16416.456,22910.788,1.307,4.439,6.743,3.396,0.658067247,4.829245437,-4.17117819,-0.2,0.17,0.01,0.02,0.01,-1.77,-0.77,0.04,-0.455,3.586,3.634,2.042,0.214,1.82,1.335,6.356,-1.348,-3.599,0.404,2.02,0.358,0.71,6,1,0,0,1,1,0,0,1,0,0,2.015318,4.0711184,0.14375834,3.276742,TP3,TP2,False,0.012247450634957446,0.05943972019333059,0.00032696915360005664,0.9279858600181119
A419,0,0,0,2.645,2,52,0,1,-1,1,2,30,8,-4.3875174,64,37,17,0,0,0.238990012,0,4,7,3,14,-0.117,-0.377,0.22,-0.572,1.951,1.97,2.108,2.208,20947.222,21147.059,23703.517,2.211,5.662,4.522,3.584,2.637564074,4.496545044,-1.85898097,0.18,0.5,0.03,0.03,0.04,-1.33,-1.09,-0.48,0.271,4.062,3.054,2.05,0.338,1.313,1.734,3.348,-2.175,-6.913,-0.022,2.789,0.445,2.166,6,1,0,0,1,1,0,0,1,0,0,1.4701395,2.9589689,0.15588123,2.3922153,TP3,TP2,False,0.0007602829198652661,0.9888825797609792,4.3573146854648326e-05,0.0103135641723009
A530,0,0,0,2.025,2,45,1,1,-1,-1,3,28,7,-3.2068948,83,42,18,0,1,0.637201551,0,7,13,5,25,0.586,-0.719,0.564,-0.34,2.099,1.63,2.243,2.168,22532.717,17495.46,23277.079,1.651,6.144,5.983,4.053,0.59884803,3.542538614,-2.943690584,0.13,-1.43,-0.07,-0.14,0.0,0.03,-0.27,-0.09,0.888,4.305,3.495,2.632,1.54,1.871,2.554,6.286,-1.557,-5.915,0.833,2.792,1.293,3.845,6,1,0,0,1,1,0,0,1,0,0,1.5095096,1.7053238,-0.01866822,1.505352,TP3,TP2,False,0.023414323678878975,0.7130586337621606,0.0021851567816406703,0.26134188577731976
T193,0,0,0,2.062,2,48,1,1,1,-1,3,60,8,-3.696416533,118,41,20,0,1,0.210341122,0,12,22,18,52,-0.728,-0.472,-0.846,-0.472,1.154,1.471,1.114,1.668,16489.989,21012.215,23836.549,4.719,5.379,6.725,1.255,2.787236521,5.657549582,-2.870313061,-1.19,-0.14,0.03,-0.11,0.06,-3.18,-1.24,-2.18,-4.102,3.234,0.79,-0.584,0.0,-0.099,0.085,-1.063,-2.503,-7.403,-1.806,-0.296,-2.623,-1.681,7,0,1,1,0,1,1,1,0,0,0,1.7381625,2.2012188,0.30632412,0.7945029,TP3,TP1,False,0.9572092984203117,0.03484930256038335,0.0016228419077331463,0.00631855711157195
T206,0,1,0,1.331,1,55,1,1,1,-1,3,36,8,-4.640040532,125,50,9,0,1,0.276452734,0,4,23,15,42,-0.556,-0.388,-0.594,-0.566,1.332,1.501,1.34,1.63,19027.834,21447.797,23283.873,4.136,5.235,9.221,2.154,4.174804083,5.018694901,-0.843890818,-0.54,0.06,-0.06,0.09,0.0,-1.74,-0.37,-1.91,-2.553,5.178,1.168,0.69,1.001,1.017,3.066,4.663,-1.07,-5.223,-2.724,1.193,-0.807,2.359,4,1,0,0,0,0,1,0,0,1,0,0.96474576,1.0773861,-0.0048525333,0.6785248,TP3,TP3,True,0.9245477022270514,0.0696494671888068,0.0028277348266179786,0.002975095757523848
T210,1,1,0,0.0,0,48,1,1,1,-1,2,23,3,-4.298068302,83,39,32,1,0,0.065527027,0,1,5,0,6,-0.807,-0.458,-0.872,-0.517,0.954,1.449,0.912,1.621,13624.828,20705.247,23153.23,1.484,2.966,11.224,-0.648,3.411614752,4.3587682,-0.947153448,-1.32,0.85,0.03,0.06,0.05,-3.65,-2.04,-3.19,-3.982,2.626,-1.455,-1.739,-1.935,-0.597,0.752,0.954,-3.924,-6.889,-5.785,-2.009,-2.326,0.379,7,1,0,0,1,1,1,1,0,0,0,1.5711884,3.165983,0.5425791,1.1083946,TP3,TP1,False,0.9673745354803399,0.014973918487769043,0.0010858183162527444,0.0165657277156382
T183,0,0,0,3.093,2,58,1,1,-1,1,3,59,8,-3.944314469,361,155,62,0,0,0.311916754,1,8,24,11,43,-0.686,0.065,-0.798,-0.486,1.144,1.62,1.066,1.689,16346.261,23149.843,24133.836,-1.417,7.011,6.592,-0.283,3.029618327,4.382125851,-1.352507523,-0.76,-0.53,0.02,-0.13,0.05,-3.55,-2.07,-3.21,-5.882,1.792,-1.697,-2.773,-1.488,-1.447,-0.037,-1.146,-3.648,-7.564,-5.692,-1.957,-3.832,-1.889,6,1,0,0,1,1,0,0,1,0,0,0.9371759,1.8371924,0.23965514,1.3062503,TP3,TP2,False,0.2623780093674122,0.6857028403679861,0.006194867787262068,0.04572428247733965
T191,0,0,1,3.536,3,60,0,1,-1,1,2,58,8,-3.834474131,232,103,53,0,0,0.357497927,0,8,27,25,60,0.407,-0.457,0.652,-0.557,1.639,1.506,1.825,1.652,23413.105,21510.549,23607.102,3.383,5.232,5.69,5.582,2.892490145,4.846769618,-1.954279473,0.55,-3.33,-0.26,-0.13,-0.1,0.88,2.08,0.66,0.931,6.76,4.223,3.835,4.867,3.277,3.897,4.742,-0.374,-1.138,1.529,3.639,2.826,0.467,7,0,1,1,0,1,1,1,0,0,0,1.2175361,1.170811,0.59088737,0.8406932,TP3,TP1,False,0.003782013899600699,0.8276701265587563,0.16702700302849569,0.001520856513147498
T192,0,0,0,1.5,2,32,1,1,-1,1,3,27,8,-3.445286445,113,50,14,0,0,0.252283258,0,10,11,10,31,-0.642,0.194,-0.764,-0.403,1.301,1.598,1.291,1.682,18583.736,22832.593,24028.632,3.552,5.56,5.223,1.274,3.411623701,4.544771343,-1.133147642,-0.77,0.09,0.0,-0.02,0.05,-2.45,-1.49,-2.44,-1.741,3.457,0.277,0.123,-1.075,-0.103,-0.649,1.624,-4.221,-5.828,-0.645,0.487,-1.219,-0.051,6,0,1,1,0,1,0,0,1,0,0,1.9166106,1.3964936,0.18568116,1.0919422,TP3,TP2,False,0.158473472805666,0.8282934469910621,0.0002537742364201797,0.01297930596685172
T195,0,1,0,1.341,1,74,1,-1,-1,-1,3,40,0,-3.711672496,379,183,60,1,1,0.44612918,0,8,24,14,46,-0.416,0.627,-0.385,0.415,1.342,1.699,1.431,1.718,19178.35,24278.264,24550.719,-3.826,-0.787,5.562,2.152,4.726718604,4.114715864,0.61200274,-1.19,-0.43,0.03,-0.11,0.02,-1.48,-1.3,-2.04,-0.756,5.07,0.643,0.512,1.084,1.141,-1.19,0.153,-3.927,-0.872,0.344,1.927,-0.388,1.777,4,1,0,0,0,0,0,0,0,0,1,0.16437142,0.804343,0.12525563,0.29109007,TP3,TP4,False,0.00981225741953965,0.7023926435634625,0.04344273320779504,0.24435236580920283
A005,1,0,0,0.0,0,27,1,1,-1,1,3,51,4,-3.5832833,269,138,68,0,1,0.507686998,1,21,35,30,86,0.672,0.582,0.664,0.499,2.233,2.252,2.367,2.346,23970.414,24177.888,25181.154,-2.354,-0.308,5.327,5.618,5.043276825,4.346703404,0.696573421,-0.59,-1.26,0.08,-0.19,-0.1,1.87,2.0,0.66,2.234,5.09,4.284,4.522,1.37,3.308,3.098,0.665,-0.468,-1.237,2.998,3.48,2.867,4.362,6,1,0,0,1,1,0,0,1,0,0,0.5564919,1.487509,-0.10252458,0.37924984,TP3,TP2,False,0.005495066207434025,0.9642108454213998,0.004203521768446252,0.02609056660272002
A012,0,0,0,1.185,1,48,1,1,-1,-1,3,56,8,-3.594931,132,69,19,0,0,0.352518589,0,13,29,12,54,0.638,0.562,0.712,0.444,2.207,2.222,2.414,2.34,23693.915,23851.88,25119.744,3.949,5.457,5.02,6.064,4.46376819,4.559770293,-0.096002103,-0.1,-2.02,0.03,-0.31,-0.02,1.65,1.16,1.18,2.174,4.939,4.838,4.828,3.694,3.472,2.594,0.941,-0.391,-1.044,2.836,4.216,3.131,4.411,6,1,0,0,1,1,0,0,1,0,0,0.7406897,2.0692048,-0.15657535,0.7362191,TP3,TP2,False,0.0001286694110846371,0.9996218399704428,0.0001789526999282447,7.053791854424978e-05
A014,0,0,0,3.677,3,63,0,1,-1,1,2,47,8,-5.0733694,25,21,22,0,0,0.162486057,0,5,8,1,14,-0.116,-0.503,-0.497,-0.62,1.914,1.836,2.021,2.174,20549.555,19703.476,23333.628,-0.835,7.804,5.688,3.354,1.898142253,4.995984077,-3.097841824,-0.34,-1.3,-0.01,-0.2,0.03,-1.19,-0.78,-0.81,-1.346,3.22,2.688,1.759,0.429,1.122,0.97,3.7,-3.504,-5.122,0.193,1.599,-0.038,0.907,6,1,0,0,1,1,0,0,1,0,0,1.009132,2.549194,-0.22958508,1.0617291,TP3,TP2,False,0.0009502294336360836,0.9980669976118448,0.00013704380403095992,0.0008457291504881122
A057,0,0,0,1.518,2,54,1,1,-1,1,2,32,8,-3.2928437,25,14,10,0,0,0.153638526,0,2,3,0,5,-0.312,-0.316,-0.623,0.201,1.858,1.959,1.942,2.251,19944.942,21025.657,24159.55,5.598,4.668,5.78,2.991,2.479851189,3.828840618,-1.348989429,-0.54,-0.89,-0.03,-0.19,0.09,-1.74,-1.63,-1.59,-0.26,3.726,1.733,1.848,1.77,0.548,3.563,1.728,-1.432,-4.827,-0.038,1.396,1.691,0.346,6,1,0,0,1,1,0,0,1,0,0,0.9110749,2.658135,-0.37788758,1.1527208,TP3,TP2,False,0.0028919560824536964,0.9939037086661668,0.00021212307095991827,0.002992212180419443
A280,0,0,0,3.366,3,46,1,1,-1,1,2,56,8,-3.8205074,113,60,24,0,0,0.140250641,0,4,4,1,9,-0.629,-0.069,-0.671,-0.221,1.794,1.997,1.889,2.241,19255.948,21433.542,24054.313,6.312,6.82,6.869,2.746,2.985221288,5.090291771,-2.105070484,-1.08,0.89,0.09,-0.02,0.08,-1.87,-1.37,-0.9,-0.756,3.746,2.577,1.439,1.206,0.636,2.038,4.778,-3.53,-5.222,-1.159,1.622,-0.403,1.815,6,1,0,0,1,1,0,0,1,0,0,0.573687,2.6630704,-0.34575513,0.6328185,TP3,TP2,False,0.0012279941448826112,0.9986246542726084,9.194722418018211e-05,5.5404358328873016e-05
A398,0,0,0,3.467,3,50,0,1,-1,1,2,46,8,-4.3015813,20,15,2,1,0,0.13515221,0,2,6,0,8,-0.521,-0.782,-0.512,-0.492,1.809,1.553,1.957,2.135,19418.756,16673.453,22917.628,3.64,5.251,6.954,3.357,0.972370178,4.764021388,-3.791651209,-0.83,1.28,0.03,0.13,0.05,-1.22,-0.85,-0.5,0.002,3.785,3.034,2.1,0.867,1.262,1.177,5.13,-1.467,-6.674,-0.629,1.952,0.621,2.315,2,1,0,0,0,0,0,0,0,0,1,1.0790702,3.0506632,-0.19375917,1.0409895,TP3,TP4,False,0.00015741657137202173,0.9997083235960831,4.9932534170675245e-05,8.432729837433728e-05
A581,0,0,0,1.916,2,53,1,-1,-1,-1,2,34,0,-4.5693983,46,27,10,0,0,0.150315527,0,1,3,0,4,-0.218,-0.112,0.162,0.238,1.909,1.929,2.039,2.252,20488.409,20707.619,24176.202,0.597,0.316,5.21,3.49,3.517262332,4.713586168,-1.196323837,-1.24,0.86,0.04,0.06,0.03,-0.69,-0.45,-0.94,1.263,5.507,2.528,2.101,3.831,1.653,4.058,1.215,0.435,-4.894,-0.196,2.518,0.446,2.915,6,1,0,0,1,1,0,0,1,0,0,0.26166376,1.5506498,-0.093677044,0.26585457,TP3,TP2,False,0.00021539365062584953,0.9925002274796171,0.0004099344809479528,0.006874444388809124
A767,0,0,0,1.636,2,57,1,1,-1,-1,3,21,3,-4.639152,266,139,58,0,1,0.537662304,1,12,30,18,60,0.059,-0.198,0.26,-0.389,1.966,1.963,2.089,2.217,21104.636,21071.81,23793.893,1.046,2.281,6.199,3.266,3.735847915,3.321125508,0.414722407,-0.47,0.2,0.07,0.03,-0.06,0.56,-0.02,-0.97,-2.063,3.849,2.502,1.8,2.204,0.924,2.657,3.497,0.512,-7.213,-0.455,1.107,0.218,2.8,6,1,0,0,1,1,0,0,1,0,0,0.12056357,0.44391704,0.12925251,-0.05237455,TP4,TP2,False,0.00033160941830708625,0.9654203794898609,0.021002234874394152,0.013245776217437867
T185,1,1,0,0.0,0,35,1,1,1,-1,3,33,3,-3.312091596,162,71,34,0,1,0.310181997,0,13,13,8,34,-0.603,0.157,-0.529,-0.385,1.333,1.579,1.432,1.675,19047.742,22556.459,23927.819,0.721,0.755,11.27,2.058,3.415859864,4.831610042,-1.415750178,-0.65,0.24,0.03,0.01,0.0,-1.1,-0.81,-1.69,-0.767,3.891,1.502,0.752,-1.019,0.241,0.781,-1.523,-2.387,-6.996,-1.044,0.789,-0.203,0.276,7,1,0,0,1,1,1,1,0,0,0,0.91254646,0.6623196,0.18890181,0.61631495,TP3,TP1,False,0.9834086934424737,0.007145849082039628,0.005668654514617457,0.0037768029608691435
T209,1,1,0,0.0,0,55,1,1,1,-1,3,60,5,-5.043132153,130,45,19,0,0,0.273259908,0,5,15,15,35,-0.76,-0.6,-0.887,-0.693,1.099,1.406,1.073,1.592,15705.013,20084.148,22747.69,1.89,1.915,10.439,1.061,2.575944427,4.372911687,-1.79696726,-0.41,-0.56,-0.02,-0.1,0.05,-3.54,-1.78,-2.2,-1.317,3.08,0.744,-0.269,-0.606,-0.115,0.699,-0.378,-3.93,-7.468,-1.616,-0.069,-2.423,0.282,7,1,0,0,1,1,1,1,0,0,0,1.1460829,1.6907594,0.2654414,1.1458746,TP3,TP1,False,0.8547477015626499,0.04324643205344326,0.08410736238613653,0.017898503997770387
T213,1,1,0,0.0,0,50,1,-1,1,1,3,18,0,-2.79471863,87,47,7,1,1,0.296527441,1,6,20,13,39,-0.503,-0.396,-0.644,-0.501,1.384,1.541,1.394,1.672,19773.538,22018.09,23886.701,-1.261,0.264,9.827,1.591,3.246470374,3.103918841,0.142551533,0.04,-1.01,-0.01,-0.14,0.0,-2.15,-0.55,-2.17,-0.059,3.478,0.779,0.091,-1.009,0.235,0.888,0.037,-1.245,-4.459,-1.575,1.141,-0.151,1.723,7,1,0,0,1,1,1,1,0,0,0,0.71600145,0.63157445,0.33904967,0.58926564,TP3,TP1,False,0.6621816206548486,0.0012745209418136194,0.00855827685641566,0.3279855815469222
T177,0,1,0,1.014,1,49,1,1,-1,-1,3,35,8,-3.842312436,146,89,26,0,0,0.319808818,0,9,30,19,58,-0.588,-0.291,-0.724,-0.555,1.255,1.551,1.235,1.645,17931.089,22165.373,23502.919,4.198,6.027,6.08,0.975,3.34557227,3.944710554,-0.599138283,-0.61,-0.24,-0.02,-0.01,0.02,-2.17,-0.78,-2.45,-5.092,3.339,0.035,-1.346,-0.443,-0.361,1.77,0.707,-2.512,-5.931,-3.464,-0.551,-1.288,0.268,7,1,0,0,1,1,0,0,1,0,0,1.0192121,1.4447336,0.9177846,1.5596246,TP3,TP2,False,0.07112874540143463,0.9048897873406463,0.018397002832025857,0.0055844644258931115
T179,1,1,0,0.0,0,57,1,1,-1,1,3,12,6,-3.491669617,67,23,15,0,1,0.52915936,0,5,19,11,35,0.622,0.48,0.636,0.222,1.67,1.691,1.766,1.746,23865.905,24164.468,24943.247,-3.106,2.85,5.02,5.209,4.831343569,3.820626177,1.010717392,-0.57,-1.65,-0.06,-0.16,-0.04,0.86,0.82,0.12,1.779,6.099,3.633,3.574,1.987,2.64,2.984,-1.379,-0.533,-2.572,1.284,3.475,2.633,1.889,6,1,0,0,1,1,0,0,1,0,0,0.8336259,0.89605427,-0.19268528,-0.09593981,TP3,TP2,False,0.051610695307063185,0.8133004292469342,0.010176581992390061,0.1249122934536126
T189,0,0,1,3.395,3,39,1,1,-1,1,3,52,8,-3.853311033,840,342,137,0,0,0.333798182,0,11,13,8,32,0.036,-0.555,0.228,-0.655,1.522,1.434,1.626,1.603,21741.694,20487.338,22906.097,0.138,0.588,4.384,3.2,2.873665562,4.541716136,-1.668050574,0.24,-0.51,-0.11,0.12,-0.06,0.27,0.65,-1.44,-2.124,5.444,1.82,1.456,3.174,1.581,2.639,1.025,-1.563,-3.97,-0.343,2.218,0.813,2.215,6,1,0,0,1,1,0,0,1,0,0,1.3192751,1.9415753,0.29238868,0.6076344,TP3,TP2,False,0.017673367647693367,0.7459285471155727,0.15193635192250846,0.08446173331422557
T201,1,1,0,0.0,0,55,1,-1,-1,-1,3,10,0,-4.262156726,219,84,43,0,1,0.705949115,1,9,28,23,60,-0.657,-0.332,-0.679,-0.574,1.268,1.575,1.354,1.672,18122.095,22500.731,23892.775,-2.348,-1.599,4.608,2.481,3.422970924,2.890560758,0.532410166,-0.38,-0.14,-0.01,0.0,0.0,-2.28,-1.15,-1.69,-4.6,3.283,1.463,0.955,-2.815,0.821,0.875,-1.232,-2.072,-7.095,-2.292,0.47,-0.955,0.019,3,1,0,0,0,0,0,0,0,0,1,0.2684792,0.9759251,0.38073406,1.6517166,TP1,TP4,False,0.014643885782563305,0.5930232018222489,0.013669749337410879,0.3786631630577771
T214,0,0,0,1.611,2,72,1,-1,-1,-1,3,50,0,-3.955823426,159,70,23,0,1,0.410079347,0,10,31,14,55,-0.719,-0.225,-0.812,-0.453,1.11,1.562,1.103,1.678,15853.496,22312.77,23972.056,-0.836,1.118,5.337,0.089,2.949051287,2.954778891,-0.005727604,-1.36,0.23,0.07,-0.07,0.04,-2.83,-1.54,-2.7,-3.842,1.915,-0.137,-1.365,0.328,0.008,-0.459,-2.917,-4.875,-7.222,-2.84,-1.292,-0.83,-0.428,6,1,0,0,1,1,0,0,1,0,0,0.31790346,1.1557838,0.27127653,2.1518826,TP3,TP2,False,0.04469734722385095,0.13202266471112267,0.004730313622657195,0.8185496744423691
A042,0,0,0,0.946,1,50,0,-1,-1,-1,3,22,0,-4.407352,32,17,7,1,0,0.511694128,1,3,10,2,15,0.102,0.444,0.418,0.458,1.965,2.163,2.152,2.314,21088.277,23216.108,24841.633,-1.245,-0.583,3.392,4.05,4.559614381,4.477975082,0.081639299,-0.69,1.23,0.08,0.12,-0.01,-0.23,0.79,-1.02,-2.637,4.471,2.43,2.775,4.119,2.143,4.053,7.261,-2.101,-3.923,1.539,1.54,0.674,2.907,6,1,0,0,1,1,0,0,1,0,0,0.29755718,1.3946016,-0.19572842,0.43031648,TP3,TP2,False,2.569663304890393e-05,0.9972906307858088,8.005778910984741e-06,0.002675666802231285
A304,0,0,0,1.859,2,48,1,1,-1,-1,3,48,3,-3.2654308,100,62,9,0,1,0.50035382,0,8,29,13,50,-0.151,0.468,-0.253,0.436,1.91,2.157,1.995,2.333,20500.733,23159.453,25040.717,-1.618,0.315,5.443,3.462,4.579334546,4.001047637,0.578286908,-1.72,0.81,0.12,0.02,-0.02,-0.13,-0.39,-0.61,0.183,4.588,2.854,1.988,3.791,1.052,3.488,2.618,1.142,-5.075,-0.397,1.351,-0.222,2.159,6,1,0,0,1,1,0,0,1,0,0,-0.021057837,0.66919136,0.043667506,0.36086854,TP1,TP2,False,0.0005439997241156674,0.976216327206935,0.005069597914355638,0.018170075154593783
A354,0,0,0,3.298,3,48,1,1,-1,1,2,21,8,-3.767925,24,14,2,0,0,0.277264442,0,7,11,3,21,-0.709,-0.034,-0.797,-0.191,1.622,1.977,1.697,2.224,17411.053,21226.921,23874.241,4.09,5.86,6.236,1.419,3.324847782,5.420570177,-2.095722396,-0.86,0.73,0.07,0.01,0.05,-2.16,-1.4,-2.29,-4.635,2.87,0.645,0.184,-1.297,-0.326,1.731,4.694,-2.655,-7.279,-4.385,-0.117,-1.201,0.482,6,1,0,0,1,1,0,0,1,0,0,1.1638167,1.8805256,0.6825784,1.7877699,TP3,TP2,False,0.0067852111788304316,0.9898492212000986,0.0002883772123723414,0.0030771904086987693
A476,0,0,0,2.126,2,36,1,1,-1,1,2,33,8,-4.5464367,37,18,42,0,0,0.315726418,1,4,15,3,22,0.133,0.131,-0.247,-0.321,1.98,2.01,2.019,2.217,21258.253,21577.621,23803.036,3.126,6.445,6.475,3.624,3.350323489,5.491409062,-2.141085573,-0.62,-0.48,0.05,-0.14,0.02,-0.27,-0.74,-1.0,1.177,4.481,2.438,2.419,1.805,1.571,1.77,4.134,-2.218,-2.189,0.592,2.724,0.851,2.846,5,1,0,0,1,1,0,0,1,0,0,0.45333228,1.9677477,0.11088541,0.97982454,TP3,TP2,False,0.0014075210282836295,0.9984300194981562,4.178490335796473e-05,0.00012067457020221973
A538,0,0,0,3.593,3,56,1,1,-1,1,2,36,8,-3.169434,33,16,26,0,0,0.307718769,0,9,10,5,24,0.382,0.003,-0.128,-0.059,1.988,1.952,2.0,2.192,21337.418,20949.634,23535.044,-2.063,6.857,5.365,3.563,3.175250914,5.43277705,-2.257526136,-0.34,-0.93,-0.01,-0.14,0.0,-0.81,-0.44,-0.49,-2.324,4.37,3.029,2.052,1.999,1.605,3.819,3.646,-0.938,-6.352,-0.257,2.18,0.588,1.446,6,1,0,0,1,1,0,0,1,0,0,0.8555526,1.6812683,0.028404478,0.61939263,TP3,TP2,False,0.0029528209461003054,0.9954291980955041,0.0003392481741515293,0.001278732784244154
A565,0,0,0,2.37,2,35,1,1,-1,-1,3,30,5,-4.0813316,26,14,0,0,1,0.0,0,0,0,0,0,0.342,-0.661,0.477,-0.486,2.049,1.718,2.199,2.182,21993.163,18444.321,23420.833,0.427,3.685,5.294,4.918,1.376476646,4.230769398,-2.854292752,-0.64,-1.65,-0.09,-0.18,0.03,-0.39,-0.51,0.51,1.495,5.002,4.132,3.717,2.706,2.182,2.867,3.418,0.954,-1.872,1.53,3.123,1.13,1.009,3,1,0,0,0,0,0,0,0,0,1,0.78946173,2.0312498,0.39811414,1.5729507,TP3,TP4,False,0.00030211641221302696,0.9992284522797825,8.233559748884692e-05,0.0003870957105157299
A734,0,0,0,1.537,2,46,1,1,-1,-1,2,33,8,-4.279512,75,29,9,1,0,0.083559309,0,3,3,4,10,0.273,0.297,-0.009,-0.081,1.969,1.997,2.0,2.201,21139.333,21438.502,23631.468,2.394,5.263,6.608,2.081,3.564338518,5.829256695,-2.264918178,-0.37,-1.25,-0.04,-0.15,0.0,-0.31,-0.59,-1.37,-2.625,4.857,2.015,1.069,0.42,0.764,3.133,0.632,-0.653,-3.454,-0.219,1.117,-0.555,2.944,6,1,0,0,1,1,0,0,1,0,0,0.39021948,2.0009542,0.23130795,1.331821,TP3,TP2,False,0.0010702743229501267,0.9986125848650059,0.00025927879008241637,5.786202196156682e-05
T205,0,0,0,2.303,2,53,1,1,1,-1,3,15,3,-3.628473125,58,26,19,0,1,0.403673599,0,13,21,17,51,-0.662,-0.614,-0.813,-0.553,1.277,1.418,1.27,1.652,18247.675,20264.924,23596.227,4.332,4.792,9.439,2.474,2.608048068,4.396220439,-1.788172371,-1.05,-0.32,-0.02,-0.09,0.06,-2.62,-1.31,-1.71,0.202,4.587,1.449,1.1,-0.56,0.703,0.284,-0.015,-2.465,-4.813,-1.328,1.983,-0.163,-0.323,7,0,1,1,0,1,1,1,0,0,0,0.6432525,0.9392452,0.6640146,0.8987658,TP1,TP1,True,0.9308349030948854,0.011575465057234113,0.039348650270346335,0.018240981577534312
T217,0,1,0,1.004,1,61,1,1,1,-1,2,25,7,-3.651364875,177,74,67,1,0,0.292553961,0,9,17,6,32,0.277,-0.249,-0.098,-0.576,1.558,1.545,1.568,1.643,22261.026,22077.442,23472.801,3.884,6.85,9.492,3.377,3.483856926,4.852187651,-1.368330725,0.09,-1.97,-0.14,-0.12,-0.03,-0.91,-0.17,-1.29,1.893,5.626,2.007,1.88,1.232,1.417,3.399,1.643,-1.941,-3.86,0.218,2.812,1.383,2.589,7,1,0,0,1,1,1,1,0,0,0,0.95961,1.1871583,0.38088173,0.38336328,TP3,TP1,False,0.5908877029123345,0.046706482257252255,0.36149130955821773,0.0009145052721956382
T211,1,1,0,0.0,0,49,0,1,-1,-1,3,32,4,-3.263202088,87,37,15,0,1,0.166424472,0,5,15,9,29,0.418,-0.517,0.559,-0.635,1.725,1.456,1.861,1.602,24646.875,20807.214,22894.64,-0.068,2.818,5.355,6.836,3.512646818,4.900744087,-1.388097269,1.12,-2.41,-0.2,-0.09,-0.07,1.3,2.19,1.21,3.182,7.282,4.786,5.544,4.213,4.179,3.766,1.974,0.49,-0.681,3.395,4.703,4.068,3.763,6,1,0,0,1,1,0,0,1,0,0,3.1932013,3.0396655,0.1787016,0.8638022,TP3,TP2,False,0.052444272748186554,0.0549074743574958,0.25201630649180184,0.6406319464025159
A007,0,0,0,2.722,2,40,1,1,-1,1,2,21,7,-6.827391,49,29,12,1,0,0.123499002,0,4,6,2,12,-0.034,-0.656,0.229,-0.339,1.923,1.755,2.08,2.186,20639.638,18835.798,23461.553,4.063,3.608,5.134,4.029,1.474393935,3.850658318,-2.376264384,0.57,-0.05,-0.04,-0.03,0.08,-1.33,-1.33,-0.38,-1.654,3.819,3.175,2.329,3.512,1.42,2.79,4.783,-0.048,-2.732,0.083,2.4,0.577,2.162,6,1,0,0,1,1,0,0,1,0,0,0.64327914,3.1184325,0.43986863,2.4091587,TP3,TP2,False,0.0007873610720373134,0.8239953000805413,0.0029480146932750373,0.17226932415414636
A010,1,0,0,0.0,0,42,1,1,-1,-1,3,22,8,-4.2699236,136,64,38,1,1,0.291685107,0,8,14,8,30,0.225,0.171,0.481,-0.197,2.001,2.047,2.192,2.256,21483.666,21976.766,24218.342,4.223,5.166,5.367,3.912,3.913295771,4.082472133,-0.169176363,-0.45,-0.24,0.04,-0.06,0.0,0.55,-0.08,-0.59,-0.419,4.274,2.913,2.702,2.913,1.724,2.535,3.853,-1.428,-3.286,0.551,2.683,1.194,4.097,6,1,0,0,1,1,0,0,1,0,0,0.7788023,1.527571,0.19644113,0.75706255,TP3,TP2,False,0.0004992535034196907,0.989047936726299,0.0026361565488336068,0.0078166532214476
A067,0,0,0,2.926,2,39,1,1,-1,1,3,33,7,-3.7422008,76,41,39,0,0,0.2613614,0,2,14,0,16,-0.37,-0.248,-0.502,-0.329,1.849,1.938,1.916,2.198,19843.0,20804.509,23598.013,3.612,6.037,7.389,2.778,2.870601405,6.16264448,-3.292043075,-0.74,-0.66,0.05,-0.16,0.02,-1.25,-0.62,-0.55,-0.548,3.503,2.981,1.797,1.006,0.925,1.421,3.558,-1.62,-6.283,0.126,1.781,0.338,2.341,6,1,0,0,1,1,0,0,1,0,0,0.72980136,2.4193335,0.50595814,1.2997048,TP3,TP2,False,0.01691047997762493,0.969738081794854,0.002925408036845879,0.010426030190675032
A253,0,0,0,1.788,2,49,1,1,-1,1,2,25,7,-3.929318,19,12,10,0,0,0.373339895,0,9,6,2,17,0.614,-0.446,0.783,-0.357,2.234,1.895,2.397,2.213,23976.471,20346.268,23755.721,1.319,2.981,5.147,6.286,3.048211354,4.567470736,-1.519259382,0.92,-1.53,-0.09,-0.13,0.0,1.42,0.48,1.92,3.459,6.291,5.598,4.777,3.301,3.636,3.339,4.343,0.2,-3.541,2.343,5.024,2.988,3.72,6,1,0,0,1,1,0,0,1,0,0,2.1626787,3.3678555,-0.061854526,1.8102764,TP3,TP2,False,0.0013969217997117625,0.9621273572193535,0.003473737704679382,0.03300198327625537
A524,0,0,0,3.233,2,49,1,1,-1,1,2,51,8,-4.3377627,84,45,19,1,0,0.191741168,1,4,6,0,10,0.213,-0.405,0.192,-0.257,1.983,1.887,2.058,2.211,21288.127,20257.141,23729.78,-0.761,4.883,6.145,3.361,2.322623341,5.247790404,-2.925167063,0.1,-0.42,-0.12,0.06,0.01,-1.08,-0.54,-0.84,-2.077,4.682,2.639,2.168,1.623,1.515,4.074,3.97,0.042,-4.97,-0.721,2.374,0.245,2.626,6,1,0,0,1,1,0,0,1,0,0,0.7111179,3.021739,0.49866354,1.7235556,TP3,TP2,False,0.001208370489941149,0.9964369470929628,0.0010390158293265817,0.001315666587769489
A637,0,0,0,0.947,1,65,1,-1,-1,1,3,38,0,-3.2755877,151,70,46,0,1,0.661300329,1,9,22,10,41,0.223,0.678,0.093,0.564,1.983,2.311,2.079,2.371,21288.331,24812.389,25447.508,-1.204,0.235,6.109,3.41,5.980248183,3.871326955,2.108921228,-1.35,0.6,0.13,-0.03,-0.02,0.81,0.99,-0.88,-0.489,4.753,2.613,2.184,3.845,1.664,2.942,3.205,0.109,-5.648,0.165,1.722,0.745,3.878,6,1,0,0,1,1,0,0,1,0,0,0.18246934,0.6923036,0.22353727,0.2571909,TP1,TP2,False,0.00011566306562833993,0.9975433138182702,0.0005018294970598539,0.0018391936190415015
A665,0,0,0,1.437,2,55,1,1,-1,-1,2,40,8,-4.2098955,60,37,10,0,0,0.244228168,0,6,6,0,12,0.351,0.55,-0.16,0.243,1.997,2.151,2.03,2.287,21439.745,23087.879,24551.66,4.138,8.511,6.32,3.55,4.146680517,5.744134728,-1.597454211,-1.24,-0.41,0.06,-0.14,0.01,-0.53,-0.18,-0.24,-0.739,4.58,3.317,1.983,1.381,1.623,1.672,3.301,-2.341,-4.952,-0.841,2.783,1.123,2.532,6,1,0,0,1,1,0,0,1,0,0,0.59883344,2.3694315,0.41532242,1.0659808,TP3,TP2,False,6.988253191605145e-05,0.9998481611160246,6.698323683369552e-05,1.4973115225602174e-05
T186,1,1,0,0.0,0,59,1,-1,1,1,2,31,0,-3.316680922,122,63,4,1,1,0.224818283,0,10,15,5,30,0.387,-0.114,0.446,-0.438,1.604,1.57,1.709,1.688,22922.301,22428.001,24110.094,-1.038,-0.049,9.939,4.459,3.179686802,4.301734332,-1.12204753,0.17,-1.74,-0.12,-0.14,-0.01,-0.11,0.35,-0.37,2.725,5.989,3.112,2.979,1.591,2.047,2.406,-1.364,-0.954,-5.528,0.854,3.225,1.953,1.422,7,1,0,0,1,1,1,1,0,0,0,0.7833263,0.5274568,-0.0035458729,0.42839926,TP3,TP1,False,0.9345994501717634,0.001270093520176056,0.01642041683346755,0.04771003947459303
T187,0,1,0,1.271,1,59,1,-1,1,1,3,18,0,-3.717039868,159,69,29,0,0,0.399803081,0,11,30,12,53,0.429,-0.283,0.346,-0.471,1.584,1.539,1.682,1.664,22630.398,21980.86,23773.649,-2.962,1.482,11.512,4.771,3.107285154,4.113504298,-1.006219144,-0.11,-1.62,-0.06,-0.14,-0.04,0.17,0.26,-0.13,0.29,5.44,3.375,2.972,2.515,2.28,2.535,0.49,-2.092,-1.443,1.005,2.632,1.672,1.37,4,1,0,0,1,1,1,1,0,0,0,0.79963225,0.52576554,0.08129044,0.118784994,TP3,TP1,False,0.9691541393992573,0.003871475644386346,0.018600743118302763,0.008373641838053614
T188,1,1,0,0.0,0,76,1,1,1,-1,2,60,4,-3.804741411,272,127,47,1,0,0.456585263,0,11,32,17,60,-0.572,-0.121,-0.519,-0.497,1.358,1.589,1.454,1.674,19406.281,22698.272,23909.996,-2.165,0.184,8.893,2.431,3.627961172,4.008441251,-0.380480079,-0.61,-1.12,-0.03,-0.13,-0.01,-1.05,-0.52,-1.85,-2.754,4.046,1.256,0.981,0.37,0.592,0.934,0.664,-1.553,-6.049,-0.559,1.148,0.289,1.213,4,1,0,0,0,0,1,0,0,1,0,0.124004275,0.68286204,0.279961,0.41138864,TP1,TP3,False,0.9358169932124589,0.04239161281828828,0.011693680631759367,0.010097713337493496
T204,1,1,0,0.0,0,55,1,-1,1,-1,2,20,0,-3.924618631,559,228,130,0,0,0.511475517,0,5,17,2,24,-0.575,-0.025,-0.647,-0.282,1.293,1.568,1.387,1.682,18472.227,22401.564,24024.598,-2.2,4.629,10.484,1.847,2.963166789,4.910284202,-1.947117413,-0.84,-1.02,-0.04,-0.16,0.04,-2.27,-1.47,-2.24,-2.283,3.807,0.673,0.338,0.03,0.259,1.506,1.012,-3.613,-7.414,-1.234,0.951,-0.729,-0.038,7,1,0,0,1,1,1,1,0,0,0,-0.015952334,1.1490666,0.056787655,0.6615894,TP1,TP1,True,0.5376219033914492,0.14143850957510679,0.23168001142052047,0.08925957561292361
T207,1,1,0,0.0,0,61,1,-1,1,1,3,97,0,-3.82360593,204,92,15,0,0,0.432253389,1,16,26,14,56,-0.251,0.457,-0.287,0.219,1.336,1.544,1.374,1.636,19081.872,22054.448,23379.901,-1.269,1.25,10.747,2.077,3.712787663,4.179430223,-0.466642561,-0.69,0.32,0.0,0.05,0.0,-1.72,-0.72,-1.81,-1.365,6.021,1.122,0.141,-2.686,-0.095,0.174,2.772,-2.379,-6.96,-1.658,1.897,0.228,3.049,7,1,0,0,1,1,1,1,0,0,0,0.06118398,0.31745535,0.2721046,0.23265487,TP1,TP1,True,0.5577509086974813,0.42090497402855076,0.018106436331612182,0.0032376809423558827
T218,0,0,0,3.072,2,40,1,1,1,1,3,34,8,-3.607653008,67,33,11,1,1,0.252727084,0,9,13,6,28,-0.613,-0.409,-0.698,-0.492,1.312,1.51,1.328,1.665,18738.522,21566.504,23793.166,3.272,6.405,5.784,1.321,3.205838073,4.825693524,-1.619855451,-0.89,-0.25,-0.02,-0.03,0.01,-1.44,-1.06,-2.18,-2.634,4.083,0.702,0.332,-0.919,0.15,1.591,1.377,-2.838,-5.677,-0.463,0.54,-0.604,0.146,7,1,0,0,1,1,1,1,0,0,0,0.99101025,1.4153483,0.3803432,0.9578886,TP3,TP1,False,0.946544780873064,0.04014468582951704,0.006412302538248404,0.006898230759170618
T182,0,1,0,1.102,1,39,1,1,-1,-1,3,29,8,-3.451055872,49,20,56,0,0,0.195487734,0,7,10,7,24,-0.63,0.133,-0.652,-0.431,1.324,1.61,1.403,1.703,18915.927,23007.751,24335.642,1.658,6.325,6.024,1.64,3.220976545,3.721792269,-0.500815723,-0.66,-0.25,0.01,-0.08,0.04,-2.15,-1.15,-2.17,-2.064,3.372,0.773,0.01,-1.038,-0.423,0.247,-0.723,-3.789,-7.113,-1.512,0.109,-0.482,-1.056,6,1,0,0,1,1,0,0,1,0,0,0.2616131,1.1282073,0.18036823,0.90107936,TP3,TP2,False,0.011355092635375673,0.98267563488227,0.0003272635853738275,0.0056420088969805
T194,0,0,0,3.061,2,43,1,1,-1,1,3,50,8,-3.931041192,82,33,28,0,1,0.350404122,0,8,15,4,27,-0.193,0.075,-0.55,-0.3,1.391,1.587,1.305,1.683,19870.835,22676.92,24048.918,3.708,5.989,6.478,0.321,3.853877012,5.083187852,-1.22931084,-1.26,-1.09,0.01,-0.15,-0.02,-1.17,1.13,-3.03,-5.391,2.981,-1.028,-1.312,-2.736,-0.841,-0.725,-0.087,-3.823,-6.59,-2.104,-1.595,-2.591,-1.575,7,1,0,0,1,1,1,1,0,0,0,0.6448722,1.5944091,0.42139184,1.1723778,TP3,TP1,False,0.07222325416228094,0.9244572989744761,0.001247676685722787,0.0020717701775201437
T212,0,0,0,1.482,2,74,1,-1,-1,-1,3,26,0,-4.04021842,140,65,28,1,0,0.221599854,0,9,20,6,35,-0.731,0.017,-0.855,-0.327,1.174,1.54,1.062,1.666,16776.111,21996.516,23801.182,0.158,1.274,7.88,1.188,4.208137362,4.943526725,-0.735389363,-1.43,0.18,0.04,-0.01,0.0,-2.38,-0.65,-2.27,-4.091,3.86,0.658,-0.333,-1.628,-0.225,1.389,0.256,-0.56,-7.358,-1.248,-0.129,-1.109,1.131,6,1,0,0,1,1,0,0,1,0,0,0.4260936,0.97846097,0.3096273,0.8678197,TP3,TP2,False,0.06496707431707945,0.08137627144056402,0.11523828489763466,0.7384183693447219
T216,0,0,1,3.706,3,50,1,1,-1,1,3,108,8,-3.66600874,340,134,111,0,1,0.376794378,0,5,3,5,13,0.359,-0.68,-0.153,-0.682,1.57,1.395,1.572,1.609,22424.983,19930.444,22993.451,6.222,4.476,4.641,3.338,2.017332247,4.401735057,-2.38440281,0.16,-1.43,-0.11,-0.08,-0.02,-1.02,-0.24,-1.16,1.195,5.188,2.178,1.267,-0.064,1.312,0.808,1.392,-1.973,-5.25,-0.19,2.636,1.257,1.323,6,1,0,0,1,1,0,0,1,0,0,0.91305304,1.2154331,-0.058808804,1.1760665,TP3,TP2,False,0.2893836276701701,0.682301716164296,0.0024215206964549123,0.025893135469078992
A002,0,0,0,4.381,3,57,1,1,-1,1,3,70,8,-3.967478,262,134,60,0,0,0.261300406,1,3,9,4,16,0.588,0.624,0.637,0.314,2.055,2.194,2.221,2.284,22059.99,23555.511,24517.194,1.619,6.752,6.59,4.086,4.042607109,4.265593169,-0.22298606,0.06,-1.16,0.03,-0.19,-0.02,0.05,-0.41,-0.41,-0.484,4.019,3.131,2.863,1.85,1.91,2.937,3.127,0.469,-1.213,0.896,2.65,1.594,4.069,6,1,0,0,1,1,0,0,1,0,0,-0.032366328,1.6794751,-0.07150805,0.58325166,TP3,TP2,False,3.447891375106674e-05,0.9999106138823425,2.3312646366823454e-05,3.159455753965056e-05
A023,0,0,0,1.073,1,47,1,1,-1,-1,3,34,8,-3.4648956,92,58,27,0,0,0.431404706,0,14,28,21,63,0.126,0.259,0.372,0.021,1.988,2.064,2.136,2.268,21341.057,22157.625,24345.681,1.082,6.057,7.26,4.004,3.729377229,5.301504943,-1.572127714,-0.62,0.37,0.08,-0.03,0.01,0.13,-0.18,0.24,0.834,4.62,3.852,2.917,0.655,2.118,2.017,3.78,-0.268,-2.874,0.806,3.033,1.232,3.098,6,1,0,0,1,1,0,0,1,0,0,0.5452633,0.88377005,0.23243444,0.27985173,TP3,TP2,False,0.0005914380932464664,0.9952332997573506,0.0022867149475318165,0.001888547201870984
A102,0,0,0,3.772,3,49,1,1,-1,1,3,39,7,-3.557008,110,59,23,1,1,0.389188076,0,11,13,8,32,0.408,0.515,0.494,0.465,2.032,2.16,2.171,2.314,21816.038,23185.861,24836.315,1.47,3.127,5.61,3.706,3.820032491,4.353574721,-0.53354223,-0.91,-0.6,0.05,-0.2,0.05,0.04,-0.22,-0.51,1.621,4.778,3.023,2.941,4.273,1.976,2.364,5.029,-2.124,-2.306,1.201,2.962,1.178,3.156,6,1,0,0,1,1,0,0,1,0,0,0.037366033,1.0458629,0.059074193,0.65567666,TP1,TP2,False,0.001058120164569511,0.9736968114430575,0.0006703594751784925,0.024574708917194463
A149,0,0,0,3.128,2,50,1,1,-1,1,2,44,8,-3.658615,87,41,8,1,0,0.301982012,0,3,6,0,9,-0.36,-0.68,-0.343,-0.437,1.857,1.676,1.991,2.158,19934.927,17995.343,23163.217,3.459,6.832,6.902,2.941,1.21228227,4.427390079,-3.215107809,-0.32,0.82,-0.02,0.11,0.05,-1.31,-0.88,-0.79,-0.324,4.17,2.711,1.814,1.802,1.177,2.951,5.097,-1.109,-4.129,-0.338,2.071,0.737,1.16,6,1,0,0,1,1,0,0,1,0,0,0.79878855,2.718813,-0.3338861,2.5423758,TP3,TP2,False,0.02469946562133236,0.8911179760846788,0.005133919566207028,0.07904863872778183
A359,1,0,0,0.0,0,54,1,1,-1,1,3,23,3,-3.7284383,144,78,33,0,1,0.673810745,0,11,18,9,38,0.559,0.485,0.516,0.337,2.133,2.181,2.207,2.31,22893.275,23410.199,24795.498,-1.448,2.749,5.177,3.627,5.014147539,4.091313888,0.922833651,-0.95,-0.19,0.1,-0.03,-0.1,1.09,0.34,-0.45,0.814,4.613,3.091,2.517,1.389,2.324,2.516,1.129,0.51,-4.244,-0.005,2.692,1.187,2.902,6,1,0,0,1,1,0,0,1,0,0,0.14746723,0.92135656,0.19009888,0.2128196,TP1,TP2,False,0.00011420258702428918,0.9838415094245784,0.0007145159505419049,0.015329772037855276
A463,0,0,0,1.217,1,48,1,1,-1,-1,3,21,8,-4.074614,52,27,26,0,1,0.323486358,0,6,7,4,17,0.472,0.218,0.432,0.303,2.067,2.036,2.174,2.269,22182.684,21851.099,24361.506,5.155,4.759,6.097,3.992,3.674381673,4.50797251,-0.833590837,-0.57,-0.58,0.02,-0.09,-0.01,0.37,-0.18,0.16,0.386,5.079,3.757,3.137,2.394,2.286,2.835,4.302,-0.572,-1.68,1.896,3.3,1.696,3.867,6,1,0,0,1,1,0,0,1,0,0,0.3548776,1.4087039,0.024978608,0.974781,TP3,TP2,False,0.00017176733362522917,0.9976610144263247,0.00024248002437427001,0.0019247382156757581
T190,1,1,0,0.0,0,55,1,-1,1,-1,2,24,2,-3.103020701,553,226,160,0,1,0.254328117,0,8,15,7,30,0.425,-0.272,0.531,-0.517,1.638,1.558,1.757,1.674,23394.972,22256.71,23923.193,-0.209,1.305,10.191,5.215,3.1625986,4.797027108,-1.634428508,0.67,-2.76,-0.21,-0.17,-0.03,-0.14,0.25,1.04,2.264,6.559,4.619,3.332,3.256,3.061,3.556,1.365,-0.469,-2.0,1.645,4.115,2.795,1.226,4,1,0,0,0,0,1,0,0,1,0,1.5454503,0.0035750084,0.26488444,0.28810987,TP2,TP3,False,0.9944962883711999,0.0003166012973838882,0.0018495007749661113,0.003337609556450143
T196,1,1,0,0.0,0,58,1,1,1,1,3,43,8,-4.059252546,181,76,60,0,0,0.216415773,0,3,23,11,37,-0.788,0.302,-0.879,-0.302,1.046,1.64,1.048,1.708,14944.395,23435.887,24397.029,-1.659,7.454,9.53,-0.68,3.587597391,5.028907608,-1.441310217,-0.88,0.34,0.03,-0.03,0.07,-3.82,-2.31,-3.19,-3.942,1.989,-1.483,-2.627,-0.56,-1.133,0.858,0.656,-4.172,-7.366,-3.775,-2.282,-2.846,-0.746,7,0,1,1,0,1,1,1,0,0,0,0.041472226,2.2211342,0.5350864,1.4466747,TP1,TP1,True,0.637913959629751,0.30726238674645556,0.052006611512035644,0.002817042111757785
T197,0,0,0,1.543,2,62,1,1,1,-1,3,21,8,-4.506213774,103,36,17,1,0,0.168124561,0,2,4,0,6,-0.618,-0.592,-0.693,-0.672,1.227,1.445,1.193,1.612,17528.606,20637.722,23023.688,2.255,5.755,10.175,0.122,2.010624551,3.720853853,-1.710229302,0.01,-0.91,-0.06,-0.1,0.03,-3.08,-1.45,-3.33,-3.407,2.745,-2.761,-2.068,-2.075,-1.291,0.601,-2.698,-2.79,-5.148,-3.365,-1.98,-2.299,-1.321,7,1,0,0,1,1,1,1,0,0,0,0.62892723,1.5595459,0.30545643,1.9008881,TP3,TP1,False,0.9322298186882615,0.03977484481620458,0.01601848689880373,0.01197684959673032
T215,1,1,0,0.0,0,33,1,-1,1,-1,3,29,0,-3.501901475,196,86,87,0,0,0.581378073,0,22,37,23,82,0.009,0.161,-0.11,-0.462,1.517,1.641,1.577,1.691,21675.333,23451.147,24159.382,0.424,1.154,8.789,3.132,4.180658851,3.634218203,0.546440648,-0.62,-0.9,0.0,-0.08,-0.04,-0.16,0.55,-0.93,0.068,4.619,2.441,2.071,0.271,1.45,1.748,-1.402,-1.679,-2.223,0.424,2.102,1.492,1.648,7,1,0,0,1,1,1,1,0,0,0,0.4288582,0.25733113,0.13856256,0.2912893,TP3,TP1,False,0.9520846696852293,0.036993021840449426,0.00851865383740416,0.0024036546369171435
